Unnamed: 0,autoencoder_group_path,autoencoder_path,reconstruction_file,trainer_class,sae_class,eval_sae_n_inputs,eval_results_n_inputs,board_reconstruction_n_inputs,l0,l1_loss,l2_loss,frac_alive,frac_variance_explained,cossim,l2_ratio,loss_original,loss_reconstructed,loss_zero,frac_recovered,num_alive_features,games_batch_to_state_stack_mine_yours_BLRRC_board_reconstruction_board_count,games_batch_to_state_stack_mine_yours_BLRRC_num_squares,games_batch_to_state_stack_mine_yours_BLRRC_best_idx,games_batch_to_state_stack_mine_yours_BLRRC_zero_L0,games_batch_to_state_stack_mine_yours_BLRRC_best_L0,games_batch_to_state_stack_mine_yours_BLRRC_zero_f1_score_per_class,games_batch_to_state_stack_mine_yours_BLRRC_best_f1_score_per_class,games_batch_to_state_stack_mine_yours_BLRRC_last_f1_score_per_class,games_batch_to_state_stack_mine_yours_BLRRC_zero_num_true_positive_squares,games_batch_to_state_stack_mine_yours_BLRRC_best_num_true_positive_squares,games_batch_to_state_stack_mine_yours_BLRRC_zero_num_false_positive_squares,games_batch_to_state_stack_mine_yours_BLRRC_best_num_false_positive_squares,games_batch_to_state_stack_mine_yours_BLRRC_zero_num_false_negative_squares,games_batch_to_state_stack_mine_yours_BLRRC_best_num_false_negative_squares,games_batch_to_state_stack_mine_yours_BLRRC_zero_multiple_classes,games_batch_to_state_stack_mine_yours_BLRRC_best_multiple_classes,games_batch_to_state_stack_mine_yours_BLRRC_zero_num_true_and_false_positive_squares,games_batch_to_state_stack_mine_yours_BLRRC_best_num_true_and_false_positive_squares,games_batch_to_state_stack_mine_yours_BLRRC_high_precision_counts_per_T,games_batch_to_state_stack_mine_yours_BLRRC_high_precision_and_recall_counts_per_T,games_batch_to_state_stack_mine_yours_blank_mask_BLRRC_board_reconstruction_board_count,games_batch_to_state_stack_mine_yours_blank_mask_BLRRC_num_squares,games_batch_to_state_stack_mine_yours_blank_mask_BLRRC_best_idx,games_batch_to_state_stack_mine_yours_blank_mask_BLRRC_zero_L0,games_batch_to_state_stack_mine_yours_blank_mask_BLRRC_best_L0,games_batch_to_state_stack_mine_yours_blank_mask_BLRRC_zero_f1_score_per_class,games_batch_to_state_stack_mine_yours_blank_mask_BLRRC_best_f1_score_per_class,games_batch_to_state_stack_mine_yours_blank_mask_BLRRC_last_f1_score_per_class,games_batch_to_state_stack_mine_yours_blank_mask_BLRRC_zero_num_true_positive_squares,games_batch_to_state_stack_mine_yours_blank_mask_BLRRC_best_num_true_positive_squares,games_batch_to_state_stack_mine_yours_blank_mask_BLRRC_zero_num_false_positive_squares,games_batch_to_state_stack_mine_yours_blank_mask_BLRRC_best_num_false_positive_squares,games_batch_to_state_stack_mine_yours_blank_mask_BLRRC_zero_num_false_negative_squares,games_batch_to_state_stack_mine_yours_blank_mask_BLRRC_best_num_false_negative_squares,games_batch_to_state_stack_mine_yours_blank_mask_BLRRC_zero_multiple_classes,games_batch_to_state_stack_mine_yours_blank_mask_BLRRC_best_multiple_classes,games_batch_to_state_stack_mine_yours_blank_mask_BLRRC_zero_num_true_and_false_positive_squares,games_batch_to_state_stack_mine_yours_blank_mask_BLRRC_best_num_true_and_false_positive_squares,games_batch_to_state_stack_mine_yours_blank_mask_BLRRC_high_precision_counts_per_T,games_batch_to_state_stack_mine_yours_blank_mask_BLRRC_high_precision_and_recall_counts_per_T,games_batch_to_valid_moves_BLRRC_board_reconstruction_board_count,games_batch_to_valid_moves_BLRRC_num_squares,games_batch_to_valid_moves_BLRRC_best_idx,games_batch_to_valid_moves_BLRRC_zero_L0,games_batch_to_valid_moves_BLRRC_best_L0,games_batch_to_valid_moves_BLRRC_zero_f1_score_per_class,games_batch_to_valid_moves_BLRRC_best_f1_score_per_class,games_batch_to_valid_moves_BLRRC_last_f1_score_per_class,games_batch_to_valid_moves_BLRRC_zero_num_true_positive_squares,games_batch_to_valid_moves_BLRRC_best_num_true_positive_squares,games_batch_to_valid_moves_BLRRC_zero_num_false_positive_squares,games_batch_to_valid_moves_BLRRC_best_num_false_positive_squares,games_batch_to_valid_moves_BLRRC_zero_num_false_negative_squares,games_batch_to_valid_moves_BLRRC_best_num_false_negative_squares,games_batch_to_valid_moves_BLRRC_zero_multiple_classes,games_batch_to_valid_moves_BLRRC_best_multiple_classes,games_batch_to_valid_moves_BLRRC_zero_num_true_and_false_positive_squares,games_batch_to_valid_moves_BLRRC_best_num_true_and_false_positive_squares,games_batch_to_valid_moves_BLRRC_high_precision_counts_per_T,games_batch_to_valid_moves_BLRRC_high_precision_and_recall_counts_per_T,games_batch_to_state_stack_mine_yours_BLRRC_best_average_f1,games_batch_to_state_stack_mine_yours_BLRRC_best_average_f1_idx,games_batch_to_state_stack_mine_yours_BLRRC_all_average_f1s,games_batch_to_state_stack_mine_yours_BLRRC_f1_threshold_0.0_best,games_batch_to_state_stack_mine_yours_BLRRC_f1_threshold_0.0_best_normalized,games_batch_to_state_stack_mine_yours_BLRRC_f1_threshold_0.0_best_idx,games_batch_to_state_stack_mine_yours_BLRRC_f1_threshold_0.0_best_normalized_idx,games_batch_to_state_stack_mine_yours_BLRRC_f1_threshold_0.0_all,games_batch_to_state_stack_mine_yours_BLRRC_f1_threshold_0.0_all_normalized,games_batch_to_state_stack_mine_yours_BLRRC_f1_threshold_0.10000000149011612_best,games_batch_to_state_stack_mine_yours_BLRRC_f1_threshold_0.10000000149011612_best_normalized,games_batch_to_state_stack_mine_yours_BLRRC_f1_threshold_0.10000000149011612_best_idx,games_batch_to_state_stack_mine_yours_BLRRC_f1_threshold_0.10000000149011612_best_normalized_idx,games_batch_to_state_stack_mine_yours_BLRRC_f1_threshold_0.10000000149011612_all,games_batch_to_state_stack_mine_yours_BLRRC_f1_threshold_0.10000000149011612_all_normalized,games_batch_to_state_stack_mine_yours_BLRRC_f1_threshold_0.20000000298023224_best,games_batch_to_state_stack_mine_yours_BLRRC_f1_threshold_0.20000000298023224_best_normalized,games_batch_to_state_stack_mine_yours_BLRRC_f1_threshold_0.20000000298023224_best_idx,games_batch_to_state_stack_mine_yours_BLRRC_f1_threshold_0.20000000298023224_best_normalized_idx,games_batch_to_state_stack_mine_yours_BLRRC_f1_threshold_0.20000000298023224_all,games_batch_to_state_stack_mine_yours_BLRRC_f1_threshold_0.20000000298023224_all_normalized,games_batch_to_state_stack_mine_yours_BLRRC_f1_threshold_0.30000001192092896_best,games_batch_to_state_stack_mine_yours_BLRRC_f1_threshold_0.30000001192092896_best_normalized,games_batch_to_state_stack_mine_yours_BLRRC_f1_threshold_0.30000001192092896_best_idx,games_batch_to_state_stack_mine_yours_BLRRC_f1_threshold_0.30000001192092896_best_normalized_idx,games_batch_to_state_stack_mine_yours_BLRRC_f1_threshold_0.30000001192092896_all,games_batch_to_state_stack_mine_yours_BLRRC_f1_threshold_0.30000001192092896_all_normalized,games_batch_to_state_stack_mine_yours_BLRRC_f1_threshold_0.4000000059604645_best,games_batch_to_state_stack_mine_yours_BLRRC_f1_threshold_0.4000000059604645_best_normalized,games_batch_to_state_stack_mine_yours_BLRRC_f1_threshold_0.4000000059604645_best_idx,games_batch_to_state_stack_mine_yours_BLRRC_f1_threshold_0.4000000059604645_best_normalized_idx,games_batch_to_state_stack_mine_yours_BLRRC_f1_threshold_0.4000000059604645_all,games_batch_to_state_stack_mine_yours_BLRRC_f1_threshold_0.4000000059604645_all_normalized,games_batch_to_state_stack_mine_yours_BLRRC_f1_threshold_0.5_best,games_batch_to_state_stack_mine_yours_BLRRC_f1_threshold_0.5_best_normalized,games_batch_to_state_stack_mine_yours_BLRRC_f1_threshold_0.5_best_idx,games_batch_to_state_stack_mine_yours_BLRRC_f1_threshold_0.5_best_normalized_idx,games_batch_to_state_stack_mine_yours_BLRRC_f1_threshold_0.5_all,games_batch_to_state_stack_mine_yours_BLRRC_f1_threshold_0.5_all_normalized,games_batch_to_state_stack_mine_yours_BLRRC_f1_threshold_0.6000000238418579_best,games_batch_to_state_stack_mine_yours_BLRRC_f1_threshold_0.6000000238418579_best_normalized,games_batch_to_state_stack_mine_yours_BLRRC_f1_threshold_0.6000000238418579_best_idx,games_batch_to_state_stack_mine_yours_BLRRC_f1_threshold_0.6000000238418579_best_normalized_idx,games_batch_to_state_stack_mine_yours_BLRRC_f1_threshold_0.6000000238418579_all,games_batch_to_state_stack_mine_yours_BLRRC_f1_threshold_0.6000000238418579_all_normalized,games_batch_to_state_stack_mine_yours_BLRRC_f1_threshold_0.699999988079071_best,games_batch_to_state_stack_mine_yours_BLRRC_f1_threshold_0.699999988079071_best_normalized,games_batch_to_state_stack_mine_yours_BLRRC_f1_threshold_0.699999988079071_best_idx,games_batch_to_state_stack_mine_yours_BLRRC_f1_threshold_0.699999988079071_best_normalized_idx,games_batch_to_state_stack_mine_yours_BLRRC_f1_threshold_0.699999988079071_all,games_batch_to_state_stack_mine_yours_BLRRC_f1_threshold_0.699999988079071_all_normalized,games_batch_to_state_stack_mine_yours_BLRRC_f1_threshold_0.800000011920929_best,games_batch_to_state_stack_mine_yours_BLRRC_f1_threshold_0.800000011920929_best_normalized,games_batch_to_state_stack_mine_yours_BLRRC_f1_threshold_0.800000011920929_best_idx,games_batch_to_state_stack_mine_yours_BLRRC_f1_threshold_0.800000011920929_best_normalized_idx,games_batch_to_state_stack_mine_yours_BLRRC_f1_threshold_0.800000011920929_all,games_batch_to_state_stack_mine_yours_BLRRC_f1_threshold_0.800000011920929_all_normalized,games_batch_to_state_stack_mine_yours_BLRRC_f1_threshold_0.8999999761581421_best,games_batch_to_state_stack_mine_yours_BLRRC_f1_threshold_0.8999999761581421_best_normalized,games_batch_to_state_stack_mine_yours_BLRRC_f1_threshold_0.8999999761581421_best_idx,games_batch_to_state_stack_mine_yours_BLRRC_f1_threshold_0.8999999761581421_best_normalized_idx,games_batch_to_state_stack_mine_yours_BLRRC_f1_threshold_0.8999999761581421_all,games_batch_to_state_stack_mine_yours_BLRRC_f1_threshold_0.8999999761581421_all_normalized,games_batch_to_state_stack_mine_yours_BLRRC_f1_threshold_1.0_best,games_batch_to_state_stack_mine_yours_BLRRC_f1_threshold_1.0_best_normalized,games_batch_to_state_stack_mine_yours_BLRRC_f1_threshold_1.0_best_idx,games_batch_to_state_stack_mine_yours_BLRRC_f1_threshold_1.0_best_normalized_idx,games_batch_to_state_stack_mine_yours_BLRRC_f1_threshold_1.0_all,games_batch_to_state_stack_mine_yours_BLRRC_f1_threshold_1.0_all_normalized,games_batch_to_state_stack_mine_yours_blank_mask_BLRRC_best_average_f1,games_batch_to_state_stack_mine_yours_blank_mask_BLRRC_best_average_f1_idx,games_batch_to_state_stack_mine_yours_blank_mask_BLRRC_all_average_f1s,games_batch_to_state_stack_mine_yours_blank_mask_BLRRC_f1_threshold_0.0_best,games_batch_to_state_stack_mine_yours_blank_mask_BLRRC_f1_threshold_0.0_best_normalized,games_batch_to_state_stack_mine_yours_blank_mask_BLRRC_f1_threshold_0.0_best_idx,games_batch_to_state_stack_mine_yours_blank_mask_BLRRC_f1_threshold_0.0_best_normalized_idx,games_batch_to_state_stack_mine_yours_blank_mask_BLRRC_f1_threshold_0.0_all,games_batch_to_state_stack_mine_yours_blank_mask_BLRRC_f1_threshold_0.0_all_normalized,games_batch_to_state_stack_mine_yours_blank_mask_BLRRC_f1_threshold_0.10000000149011612_best,games_batch_to_state_stack_mine_yours_blank_mask_BLRRC_f1_threshold_0.10000000149011612_best_normalized,games_batch_to_state_stack_mine_yours_blank_mask_BLRRC_f1_threshold_0.10000000149011612_best_idx,games_batch_to_state_stack_mine_yours_blank_mask_BLRRC_f1_threshold_0.10000000149011612_best_normalized_idx,games_batch_to_state_stack_mine_yours_blank_mask_BLRRC_f1_threshold_0.10000000149011612_all,games_batch_to_state_stack_mine_yours_blank_mask_BLRRC_f1_threshold_0.10000000149011612_all_normalized,games_batch_to_state_stack_mine_yours_blank_mask_BLRRC_f1_threshold_0.20000000298023224_best,games_batch_to_state_stack_mine_yours_blank_mask_BLRRC_f1_threshold_0.20000000298023224_best_normalized,games_batch_to_state_stack_mine_yours_blank_mask_BLRRC_f1_threshold_0.20000000298023224_best_idx,games_batch_to_state_stack_mine_yours_blank_mask_BLRRC_f1_threshold_0.20000000298023224_best_normalized_idx,games_batch_to_state_stack_mine_yours_blank_mask_BLRRC_f1_threshold_0.20000000298023224_all,games_batch_to_state_stack_mine_yours_blank_mask_BLRRC_f1_threshold_0.20000000298023224_all_normalized,games_batch_to_state_stack_mine_yours_blank_mask_BLRRC_f1_threshold_0.30000001192092896_best,games_batch_to_state_stack_mine_yours_blank_mask_BLRRC_f1_threshold_0.30000001192092896_best_normalized,games_batch_to_state_stack_mine_yours_blank_mask_BLRRC_f1_threshold_0.30000001192092896_best_idx,games_batch_to_state_stack_mine_yours_blank_mask_BLRRC_f1_threshold_0.30000001192092896_best_normalized_idx,games_batch_to_state_stack_mine_yours_blank_mask_BLRRC_f1_threshold_0.30000001192092896_all,games_batch_to_state_stack_mine_yours_blank_mask_BLRRC_f1_threshold_0.30000001192092896_all_normalized,games_batch_to_state_stack_mine_yours_blank_mask_BLRRC_f1_threshold_0.4000000059604645_best,games_batch_to_state_stack_mine_yours_blank_mask_BLRRC_f1_threshold_0.4000000059604645_best_normalized,games_batch_to_state_stack_mine_yours_blank_mask_BLRRC_f1_threshold_0.4000000059604645_best_idx,games_batch_to_state_stack_mine_yours_blank_mask_BLRRC_f1_threshold_0.4000000059604645_best_normalized_idx,games_batch_to_state_stack_mine_yours_blank_mask_BLRRC_f1_threshold_0.4000000059604645_all,games_batch_to_state_stack_mine_yours_blank_mask_BLRRC_f1_threshold_0.4000000059604645_all_normalized,games_batch_to_state_stack_mine_yours_blank_mask_BLRRC_f1_threshold_0.5_best,games_batch_to_state_stack_mine_yours_blank_mask_BLRRC_f1_threshold_0.5_best_normalized,games_batch_to_state_stack_mine_yours_blank_mask_BLRRC_f1_threshold_0.5_best_idx,games_batch_to_state_stack_mine_yours_blank_mask_BLRRC_f1_threshold_0.5_best_normalized_idx,games_batch_to_state_stack_mine_yours_blank_mask_BLRRC_f1_threshold_0.5_all,games_batch_to_state_stack_mine_yours_blank_mask_BLRRC_f1_threshold_0.5_all_normalized,games_batch_to_state_stack_mine_yours_blank_mask_BLRRC_f1_threshold_0.6000000238418579_best,games_batch_to_state_stack_mine_yours_blank_mask_BLRRC_f1_threshold_0.6000000238418579_best_normalized,games_batch_to_state_stack_mine_yours_blank_mask_BLRRC_f1_threshold_0.6000000238418579_best_idx,games_batch_to_state_stack_mine_yours_blank_mask_BLRRC_f1_threshold_0.6000000238418579_best_normalized_idx,games_batch_to_state_stack_mine_yours_blank_mask_BLRRC_f1_threshold_0.6000000238418579_all,games_batch_to_state_stack_mine_yours_blank_mask_BLRRC_f1_threshold_0.6000000238418579_all_normalized,games_batch_to_state_stack_mine_yours_blank_mask_BLRRC_f1_threshold_0.699999988079071_best,games_batch_to_state_stack_mine_yours_blank_mask_BLRRC_f1_threshold_0.699999988079071_best_normalized,games_batch_to_state_stack_mine_yours_blank_mask_BLRRC_f1_threshold_0.699999988079071_best_idx,games_batch_to_state_stack_mine_yours_blank_mask_BLRRC_f1_threshold_0.699999988079071_best_normalized_idx,games_batch_to_state_stack_mine_yours_blank_mask_BLRRC_f1_threshold_0.699999988079071_all,games_batch_to_state_stack_mine_yours_blank_mask_BLRRC_f1_threshold_0.699999988079071_all_normalized,games_batch_to_state_stack_mine_yours_blank_mask_BLRRC_f1_threshold_0.800000011920929_best,games_batch_to_state_stack_mine_yours_blank_mask_BLRRC_f1_threshold_0.800000011920929_best_normalized,games_batch_to_state_stack_mine_yours_blank_mask_BLRRC_f1_threshold_0.800000011920929_best_idx,games_batch_to_state_stack_mine_yours_blank_mask_BLRRC_f1_threshold_0.800000011920929_best_normalized_idx,games_batch_to_state_stack_mine_yours_blank_mask_BLRRC_f1_threshold_0.800000011920929_all,games_batch_to_state_stack_mine_yours_blank_mask_BLRRC_f1_threshold_0.800000011920929_all_normalized,games_batch_to_state_stack_mine_yours_blank_mask_BLRRC_f1_threshold_0.8999999761581421_best,games_batch_to_state_stack_mine_yours_blank_mask_BLRRC_f1_threshold_0.8999999761581421_best_normalized,games_batch_to_state_stack_mine_yours_blank_mask_BLRRC_f1_threshold_0.8999999761581421_best_idx,games_batch_to_state_stack_mine_yours_blank_mask_BLRRC_f1_threshold_0.8999999761581421_best_normalized_idx,games_batch_to_state_stack_mine_yours_blank_mask_BLRRC_f1_threshold_0.8999999761581421_all,games_batch_to_state_stack_mine_yours_blank_mask_BLRRC_f1_threshold_0.8999999761581421_all_normalized,games_batch_to_state_stack_mine_yours_blank_mask_BLRRC_f1_threshold_1.0_best,games_batch_to_state_stack_mine_yours_blank_mask_BLRRC_f1_threshold_1.0_best_normalized,games_batch_to_state_stack_mine_yours_blank_mask_BLRRC_f1_threshold_1.0_best_idx,games_batch_to_state_stack_mine_yours_blank_mask_BLRRC_f1_threshold_1.0_best_normalized_idx,games_batch_to_state_stack_mine_yours_blank_mask_BLRRC_f1_threshold_1.0_all,games_batch_to_state_stack_mine_yours_blank_mask_BLRRC_f1_threshold_1.0_all_normalized,games_batch_to_valid_moves_BLRRC_best_average_f1,games_batch_to_valid_moves_BLRRC_best_average_f1_idx,games_batch_to_valid_moves_BLRRC_all_average_f1s,games_batch_to_valid_moves_BLRRC_f1_threshold_0.0_best,games_batch_to_valid_moves_BLRRC_f1_threshold_0.0_best_normalized,games_batch_to_valid_moves_BLRRC_f1_threshold_0.0_best_idx,games_batch_to_valid_moves_BLRRC_f1_threshold_0.0_best_normalized_idx,games_batch_to_valid_moves_BLRRC_f1_threshold_0.0_all,games_batch_to_valid_moves_BLRRC_f1_threshold_0.0_all_normalized,games_batch_to_valid_moves_BLRRC_f1_threshold_0.10000000149011612_best,games_batch_to_valid_moves_BLRRC_f1_threshold_0.10000000149011612_best_normalized,games_batch_to_valid_moves_BLRRC_f1_threshold_0.10000000149011612_best_idx,games_batch_to_valid_moves_BLRRC_f1_threshold_0.10000000149011612_best_normalized_idx,games_batch_to_valid_moves_BLRRC_f1_threshold_0.10000000149011612_all,games_batch_to_valid_moves_BLRRC_f1_threshold_0.10000000149011612_all_normalized,games_batch_to_valid_moves_BLRRC_f1_threshold_0.20000000298023224_best,games_batch_to_valid_moves_BLRRC_f1_threshold_0.20000000298023224_best_normalized,games_batch_to_valid_moves_BLRRC_f1_threshold_0.20000000298023224_best_idx,games_batch_to_valid_moves_BLRRC_f1_threshold_0.20000000298023224_best_normalized_idx,games_batch_to_valid_moves_BLRRC_f1_threshold_0.20000000298023224_all,games_batch_to_valid_moves_BLRRC_f1_threshold_0.20000000298023224_all_normalized,games_batch_to_valid_moves_BLRRC_f1_threshold_0.30000001192092896_best,games_batch_to_valid_moves_BLRRC_f1_threshold_0.30000001192092896_best_normalized,games_batch_to_valid_moves_BLRRC_f1_threshold_0.30000001192092896_best_idx,games_batch_to_valid_moves_BLRRC_f1_threshold_0.30000001192092896_best_normalized_idx,games_batch_to_valid_moves_BLRRC_f1_threshold_0.30000001192092896_all,games_batch_to_valid_moves_BLRRC_f1_threshold_0.30000001192092896_all_normalized,games_batch_to_valid_moves_BLRRC_f1_threshold_0.4000000059604645_best,games_batch_to_valid_moves_BLRRC_f1_threshold_0.4000000059604645_best_normalized,games_batch_to_valid_moves_BLRRC_f1_threshold_0.4000000059604645_best_idx,games_batch_to_valid_moves_BLRRC_f1_threshold_0.4000000059604645_best_normalized_idx,games_batch_to_valid_moves_BLRRC_f1_threshold_0.4000000059604645_all,games_batch_to_valid_moves_BLRRC_f1_threshold_0.4000000059604645_all_normalized,games_batch_to_valid_moves_BLRRC_f1_threshold_0.5_best,games_batch_to_valid_moves_BLRRC_f1_threshold_0.5_best_normalized,games_batch_to_valid_moves_BLRRC_f1_threshold_0.5_best_idx,games_batch_to_valid_moves_BLRRC_f1_threshold_0.5_best_normalized_idx,games_batch_to_valid_moves_BLRRC_f1_threshold_0.5_all,games_batch_to_valid_moves_BLRRC_f1_threshold_0.5_all_normalized,games_batch_to_valid_moves_BLRRC_f1_threshold_0.6000000238418579_best,games_batch_to_valid_moves_BLRRC_f1_threshold_0.6000000238418579_best_normalized,games_batch_to_valid_moves_BLRRC_f1_threshold_0.6000000238418579_best_idx,games_batch_to_valid_moves_BLRRC_f1_threshold_0.6000000238418579_best_normalized_idx,games_batch_to_valid_moves_BLRRC_f1_threshold_0.6000000238418579_all,games_batch_to_valid_moves_BLRRC_f1_threshold_0.6000000238418579_all_normalized,games_batch_to_valid_moves_BLRRC_f1_threshold_0.699999988079071_best,games_batch_to_valid_moves_BLRRC_f1_threshold_0.699999988079071_best_normalized,games_batch_to_valid_moves_BLRRC_f1_threshold_0.699999988079071_best_idx,games_batch_to_valid_moves_BLRRC_f1_threshold_0.699999988079071_best_normalized_idx,games_batch_to_valid_moves_BLRRC_f1_threshold_0.699999988079071_all,games_batch_to_valid_moves_BLRRC_f1_threshold_0.699999988079071_all_normalized,games_batch_to_valid_moves_BLRRC_f1_threshold_0.800000011920929_best,games_batch_to_valid_moves_BLRRC_f1_threshold_0.800000011920929_best_normalized,games_batch_to_valid_moves_BLRRC_f1_threshold_0.800000011920929_best_idx,games_batch_to_valid_moves_BLRRC_f1_threshold_0.800000011920929_best_normalized_idx,games_batch_to_valid_moves_BLRRC_f1_threshold_0.800000011920929_all,games_batch_to_valid_moves_BLRRC_f1_threshold_0.800000011920929_all_normalized,games_batch_to_valid_moves_BLRRC_f1_threshold_0.8999999761581421_best,games_batch_to_valid_moves_BLRRC_f1_threshold_0.8999999761581421_best_normalized,games_batch_to_valid_moves_BLRRC_f1_threshold_0.8999999761581421_best_idx,games_batch_to_valid_moves_BLRRC_f1_threshold_0.8999999761581421_best_normalized_idx,games_batch_to_valid_moves_BLRRC_f1_threshold_0.8999999761581421_all,games_batch_to_valid_moves_BLRRC_f1_threshold_0.8999999761581421_all_normalized,games_batch_to_valid_moves_BLRRC_f1_threshold_1.0_best,games_batch_to_valid_moves_BLRRC_f1_threshold_1.0_best_normalized,games_batch_to_valid_moves_BLRRC_f1_threshold_1.0_best_idx,games_batch_to_valid_moves_BLRRC_f1_threshold_1.0_best_normalized_idx,games_batch_to_valid_moves_BLRRC_f1_threshold_1.0_all,games_batch_to_valid_moves_BLRRC_f1_threshold_1.0_all_normalized
0,autoencoders/othello_mlp_acts_identity_aes/,autoencoders/othello_mlp_acts_identity_aes/layer_0/,autoencoders/othello_mlp_acts_identity_aes/layer_0/indexing_None_n_inputs_1000_reconstruction.pkl,Identity,IdentityDict,1000,1000,1000,2025.199951171875,127.825439453125,0.0,0.988867163658142,1.0,1.0,1.0,2.054067611694336,2.054067611694336,2.6671948432922363,1.0,2048,59000,3776000,0,90.76555633544922,90.76555633544922,0.5816606879234314,0.5816606879234314,0.635543704032898,1596911,1596911,117957,117957,2179089,2179089,16218,16218,16115,16115,"tensor([ 4661,  6141,  7918,  9452, 11465, 13662, 16123, 18186, 16405,  9940,
           38], device='cuda:0')","tensor([13,  5,  1,  1,  1,  0,  0,  0,  0,  0,  0], device='cuda:0')",59000,2006000,3,90.76555633544922,20.73925018310547,0.0810949131846427,0.1555831432342529,0.2360036522150039,84858,169605,1949,4644,1921142,1836395,2,245,2,237,"tensor([ 230,  401,  673,  976, 1329, 1672, 2024, 2290, 1957,  993,    5],
       device='cuda:0')","tensor([2, 3, 1, 1, 1, 0, 0, 0, 0, 0, 0], device='cuda:0')",59000,506839,8,90.76555633544922,2.194741487503052,0.0,0.0291996896266937,0.0457181334495544,0,7516,0,445,506839,499323,0,0,0,0,"tensor([  0,   0,   3,  10,  14,  24,  42,  69, 131, 143,   0],
       device='cuda:0')","tensor([0, 0, 0, 1, 1, 0, 0, 1, 2, 3, 0], device='cuda:0')",0.565544843673706,0,"[0.565544843673706, 0.5266122817993164, 0.4963906705379486, 0.45789194107055664, 0.43909966945648193, 0.4212176203727722, 0.4019521474838257, 0.3349430561065674, 0.21721473336219788, 0.06766648590564728, 0.0008316859602928162]",188,0.9791666865348816,0,0,"[188, 188, 188, 188, 188, 188, 188, 188, 188, 188, 188]","[0.9791666865348816, 0.9791666865348816, 0.9791666865348816, 0.9791666865348816, 0.9791666865348816, 0.9791666865348816, 0.9791666865348816, 0.9791666865348816, 0.9791666865348816, 0.9791666865348816, 0.9791666865348816]",188,0.9791666865348816,0,0,"[188, 188, 188, 188, 188, 188, 188, 188, 188, 34, 0]","[0.9791666865348816, 0.9791666865348816, 0.9791666865348816, 0.9791666865348816, 0.9791666865348816, 0.9791666865348816, 0.9791666865348816, 0.9791666865348816, 0.9791666865348816, 0.1770833432674408, 0.0]",188,0.9791666865348816,0,0,"[188, 188, 188, 188, 188, 188, 188, 188, 121, 2, 0]","[0.9791666865348816, 0.9791666865348816, 0.9791666865348816, 0.9791666865348816, 0.9791666865348816, 0.9791666865348816, 0.9791666865348816, 0.9791666865348816, 0.6302083730697632, 0.010416666977107525, 0.0]",188,0.9791666865348816,0,0,"[188, 188, 188, 188, 188, 188, 188, 142, 5, 0, 0]","[0.9791666865348816, 0.9791666865348816, 0.9791666865348816, 0.9791666865348816, 0.9791666865348816, 0.9791666865348816, 0.9791666865348816, 0.7395833730697632, 0.0260416679084301, 0.0, 0.0]",188,0.9791666865348816,0,0,"[188, 188, 188, 164, 136, 89, 75, 25, 0, 0, 0]","[0.9791666865348816, 0.9791666865348816, 0.9791666865348816, 0.8541666865348816, 0.7083333730697632, 0.4635416865348816, 0.390625, 0.1302083432674408, 0.0, 0.0, 0.0]",130,0.6770833730697632,0,0,"[130, 123, 84, 61, 47, 37, 35, 0, 0, 0, 0]","[0.6770833730697632, 0.640625, 0.4375, 0.3177083432674408, 0.2447916716337204, 0.1927083432674408, 0.1822916716337204, 0.0, 0.0, 0.0, 0.0]",66,0.34375,0,0,"[66, 46, 24, 3, 2, 2, 0, 0, 0, 0, 0]","[0.34375, 0.2395833432674408, 0.125, 0.015625, 0.010416666977107525, 0.010416666977107525, 0.0, 0.0, 0.0, 0.0, 0.0]",26,0.1354166716337204,0,0,"[26, 3, 0, 0, 0, 0, 0, 0, 0, 0, 0]","[0.1354166716337204, 0.015625, 0.0, 0.0, 0.0, 0.0, 0.0, 0.0, 0.0, 0.0, 0.0]",5,0.0260416679084301,0,0,"[5, 0, 0, 0, 0, 0, 0, 0, 0, 0, 0]","[0.0260416679084301, 0.0, 0.0, 0.0, 0.0, 0.0, 0.0, 0.0, 0.0, 0.0, 0.0]",1,0.0052083334885537624,0,0,"[1, 0, 0, 0, 0, 0, 0, 0, 0, 0, 0]","[0.0052083334885537624, 0.0, 0.0, 0.0, 0.0, 0.0, 0.0, 0.0, 0.0, 0.0, 0.0]",0,0.0,0,0,"[0, 0, 0, 0, 0, 0, 0, 0, 0, 0, 0]","[0.0, 0.0, 0.0, 0.0, 0.0, 0.0, 0.0, 0.0, 0.0, 0.0, 0.0]",0.3451315760612488,0,"[0.3451315760612488, 0.3329925537109375, 0.3130428194999695, 0.28297752141952515, 0.2756163775920868, 0.2626020312309265, 0.24928423762321472, 0.21342846751213074, 0.1363709419965744, 0.03203309327363968, 0.0006101501057855785]",128,0.6666666865348816,0,0,"[128, 128, 128, 128, 128, 128, 128, 128, 128, 128, 128]","[0.6666666865348816, 0.6666666865348816, 0.6666666865348816, 0.6666666865348816, 0.6666666865348816, 0.6666666865348816, 0.6666666865348816, 0.6666666865348816, 0.6666666865348816, 0.6666666865348816, 0.6666666865348816]",128,0.6666666865348816,0,0,"[128, 128, 128, 128, 128, 128, 128, 128, 128, 3, 0]","[0.6666666865348816, 0.6666666865348816, 0.6666666865348816, 0.6666666865348816, 0.6666666865348816, 0.6666666865348816, 0.6666666865348816, 0.6666666865348816, 0.6666666865348816, 0.015625, 0.0]",128,0.6666666865348816,0,0,"[128, 128, 128, 128, 128, 128, 128, 128, 61, 0, 0]","[0.6666666865348816, 0.6666666865348816, 0.6666666865348816, 0.6666666865348816, 0.6666666865348816, 0.6666666865348816, 0.6666666865348816, 0.6666666865348816, 0.3177083432674408, 0.0, 0.0]",128,0.6666666865348816,0,0,"[128, 128, 128, 128, 128, 128, 128, 82, 2, 0, 0]","[0.6666666865348816, 0.6666666865348816, 0.6666666865348816, 0.6666666865348816, 0.6666666865348816, 0.6666666865348816, 0.6666666865348816, 0.4270833432674408, 0.010416666977107525, 0.0, 0.0]",128,0.6666666865348816,0,0,"[128, 128, 128, 104, 76, 30, 24, 9, 0, 0, 0]","[0.6666666865348816, 0.6666666865348816, 0.6666666865348816, 0.5416666865348816, 0.3958333432674408, 0.15625, 0.125, 0.046875, 0.0, 0.0, 0.0]",70,0.3645833432674408,0,0,"[70, 63, 27, 7, 7, 6, 4, 0, 0, 0, 0]","[0.3645833432674408, 0.328125, 0.140625, 0.0364583358168602, 0.0364583358168602, 0.03125, 0.02083333395421505, 0.0, 0.0, 0.0, 0.0]",6,0.03125,0,0,"[6, 1, 1, 0, 0, 0, 0, 0, 0, 0, 0]","[0.03125, 0.0052083334885537624, 0.0052083334885537624, 0.0, 0.0, 0.0, 0.0, 0.0, 0.0, 0.0, 0.0]",2,0.010416666977107525,0,0,"[2, 1, 0, 0, 0, 0, 0, 0, 0, 0, 0]","[0.010416666977107525, 0.0052083334885537624, 0.0, 0.0, 0.0, 0.0, 0.0, 0.0, 0.0, 0.0, 0.0]",2,0.010416666977107525,0,0,"[2, 0, 0, 0, 0, 0, 0, 0, 0, 0, 0]","[0.010416666977107525, 0.0, 0.0, 0.0, 0.0, 0.0, 0.0, 0.0, 0.0, 0.0, 0.0]",0,0.0,0,0,"[0, 0, 0, 0, 0, 0, 0, 0, 0, 0, 0]","[0.0, 0.0, 0.0, 0.0, 0.0, 0.0, 0.0, 0.0, 0.0, 0.0, 0.0]",0,0.0,0,0,"[0, 0, 0, 0, 0, 0, 0, 0, 0, 0, 0]","[0.0, 0.0, 0.0, 0.0, 0.0, 0.0, 0.0, 0.0, 0.0, 0.0, 0.0]",0.4707784056663513,0,"[0.4707784056663513, 0.3769361078739166, 0.2911234200000763, 0.2499770224094391, 0.23952113091945648, 0.22409841418266296, 0.2162802517414093, 0.17758411169052124, 0.10820543766021729, 0.0402316078543663, 0.0011772715952247381]",60,0.9375,0,0,"[60, 60, 60, 60, 60, 60, 60, 60, 60, 60, 60]","[0.9375, 0.9375, 0.9375, 0.9375, 0.9375, 0.9375, 0.9375, 0.9375, 0.9375, 0.9375, 0.9375]",60,0.9375,0,0,"[60, 60, 60, 60, 60, 60, 60, 60, 25, 8, 0]","[0.9375, 0.9375, 0.9375, 0.9375, 0.9375, 0.9375, 0.9375, 0.9375, 0.390625, 0.125, 0.0]",60,0.9375,0,0,"[60, 60, 60, 60, 60, 60, 60, 12, 9, 0, 0]","[0.9375, 0.9375, 0.9375, 0.9375, 0.9375, 0.9375, 0.9375, 0.1875, 0.140625, 0.0, 0.0]",60,0.9375,0,0,"[60, 56, 30, 12, 3, 0, 0, 1, 0, 0, 0]","[0.9375, 0.875, 0.46875, 0.1875, 0.046875, 0.0, 0.0, 0.015625, 0.0, 0.0, 0.0]",56,0.875,0,0,"[56, 31, 3, 0, 0, 0, 0, 0, 0, 0, 0]","[0.875, 0.484375, 0.046875, 0.0, 0.0, 0.0, 0.0, 0.0, 0.0, 0.0, 0.0]",34,0.53125,0,0,"[34, 4, 0, 0, 0, 0, 0, 0, 0, 0, 0]","[0.53125, 0.0625, 0.0, 0.0, 0.0, 0.0, 0.0, 0.0, 0.0, 0.0, 0.0]",6,0.09375,0,0,"[6, 0, 0, 0, 0, 0, 0, 0, 0, 0, 0]","[0.09375, 0.0, 0.0, 0.0, 0.0, 0.0, 0.0, 0.0, 0.0, 0.0, 0.0]",0,0.0,0,0,"[0, 0, 0, 0, 0, 0, 0, 0, 0, 0, 0]","[0.0, 0.0, 0.0, 0.0, 0.0, 0.0, 0.0, 0.0, 0.0, 0.0, 0.0]",0,0.0,0,0,"[0, 0, 0, 0, 0, 0, 0, 0, 0, 0, 0]","[0.0, 0.0, 0.0, 0.0, 0.0, 0.0, 0.0, 0.0, 0.0, 0.0, 0.0]",0,0.0,0,0,"[0, 0, 0, 0, 0, 0, 0, 0, 0, 0, 0]","[0.0, 0.0, 0.0, 0.0, 0.0, 0.0, 0.0, 0.0, 0.0, 0.0, 0.0]",0,0.0,0,0,"[0, 0, 0, 0, 0, 0, 0, 0, 0, 0, 0]","[0.0, 0.0, 0.0, 0.0, 0.0, 0.0, 0.0, 0.0, 0.0, 0.0, 0.0]"
1,autoencoders/othello_mlp_acts_identity_aes/,autoencoders/othello_mlp_acts_identity_aes/layer_1/,autoencoders/othello_mlp_acts_identity_aes/layer_1/indexing_None_n_inputs_1000_reconstruction.pkl,Identity,IdentityDict,1000,1000,1000,2006.43994140625,129.05545043945312,0.0,0.9797070026397704,1.0,1.0,1.0,2.054067611694336,2.054067611694336,2.089106559753418,1.0,2048,59000,3776000,0,203.41827392578125,203.41827392578125,0.4812811613082886,0.4812811613082886,0.5850067734718323,1213579,1213579,53540,53540,2562421,2562421,13849,13849,13739,13739,"tensor([ 1356,  2129,  2867,  3782,  5083,  6804,  9065, 10895,  9500,  4707,
           28], device='cuda:0')","tensor([9, 4, 2, 1, 0, 0, 0, 0, 0, 0, 0], device='cuda:0')",59000,2006000,0,203.41827392578125,203.41827392578125,0.2915359735488891,0.2915359735488891,0.4010638892650604,343910,343910,9387,9387,1662090,1662090,26,26,26,26,"tensor([ 385,  777, 1078, 1368, 1648, 1923, 2232, 2309, 1754,  722,    4],
       device='cuda:0')","tensor([9, 4, 2, 1, 0, 0, 0, 0, 0, 0, 0], device='cuda:0')",59000,506839,8,203.41827392578125,0.8544241786003113,0.0,0.0172610692679882,0.0197027195245027,0,4413,0,72,506839,502426,0,0,0,0,"tensor([ 0,  0,  0,  0,  5, 19, 29, 39, 58, 52,  0], device='cuda:0')","tensor([0, 0, 0, 0, 0, 2, 4, 4, 4, 5, 0], device='cuda:0')",0.5947813391685486,0,"[0.5947813391685486, 0.4839118719100952, 0.43818819522857666, 0.3913230895996094, 0.34990060329437256, 0.26149114966392517, 0.15572285652160645, 0.08521115034818649, 0.044267743825912476, 0.028514888137578964, 0.0008065027068369091]",188,0.9791666865348816,0,0,"[188, 188, 188, 188, 188, 188, 188, 188, 188, 188, 188]","[0.9791666865348816, 0.9791666865348816, 0.9791666865348816, 0.9791666865348816, 0.9791666865348816, 0.9791666865348816, 0.9791666865348816, 0.9791666865348816, 0.9791666865348816, 0.9791666865348816, 0.9791666865348816]",188,0.9791666865348816,0,0,"[188, 188, 188, 188, 188, 188, 186, 41, 12, 11, 0]","[0.9791666865348816, 0.9791666865348816, 0.9791666865348816, 0.9791666865348816, 0.9791666865348816, 0.9791666865348816, 0.96875, 0.2135416716337204, 0.0625, 0.0572916679084301, 0.0]",188,0.9791666865348816,0,0,"[188, 188, 188, 188, 188, 183, 19, 0, 0, 0, 0]","[0.9791666865348816, 0.9791666865348816, 0.9791666865348816, 0.9791666865348816, 0.9791666865348816, 0.953125, 0.0989583358168602, 0.0, 0.0, 0.0, 0.0]",188,0.9791666865348816,0,0,"[188, 188, 188, 183, 182, 27, 0, 0, 0, 0, 0]","[0.9791666865348816, 0.9791666865348816, 0.9791666865348816, 0.953125, 0.9479166865348816, 0.140625, 0.0, 0.0, 0.0, 0.0, 0.0]",187,0.9739583730697632,0,0,"[187, 186, 134, 76, 50, 0, 0, 0, 0, 0, 0]","[0.9739583730697632, 0.96875, 0.6979166865348816, 0.3958333432674408, 0.2604166865348816, 0.0, 0.0, 0.0, 0.0, 0.0, 0.0]",160,0.8333333730697632,0,0,"[160, 66, 40, 30, 0, 0, 0, 0, 0, 0, 0]","[0.8333333730697632, 0.34375, 0.2083333432674408, 0.15625, 0.0, 0.0, 0.0, 0.0, 0.0, 0.0, 0.0]",76,0.3958333432674408,0,0,"[76, 10, 4, 0, 0, 0, 0, 0, 0, 0, 0]","[0.3958333432674408, 0.0520833358168602, 0.02083333395421505, 0.0, 0.0, 0.0, 0.0, 0.0, 0.0, 0.0, 0.0]",47,0.2447916716337204,0,0,"[47, 1, 0, 0, 0, 0, 0, 0, 0, 0, 0]","[0.2447916716337204, 0.0052083334885537624, 0.0, 0.0, 0.0, 0.0, 0.0, 0.0, 0.0, 0.0, 0.0]",11,0.0572916679084301,0,0,"[11, 0, 0, 0, 0, 0, 0, 0, 0, 0, 0]","[0.0572916679084301, 0.0, 0.0, 0.0, 0.0, 0.0, 0.0, 0.0, 0.0, 0.0, 0.0]",2,0.010416666977107525,0,0,"[2, 0, 0, 0, 0, 0, 0, 0, 0, 0, 0]","[0.010416666977107525, 0.0, 0.0, 0.0, 0.0, 0.0, 0.0, 0.0, 0.0, 0.0, 0.0]",0,0.0,0,0,"[0, 0, 0, 0, 0, 0, 0, 0, 0, 0, 0]","[0.0, 0.0, 0.0, 0.0, 0.0, 0.0, 0.0, 0.0, 0.0, 0.0, 0.0]",0.37366288900375366,0,"[0.37366288900375366, 0.3085857033729553, 0.27379679679870605, 0.23974701762199402, 0.2192322015762329, 0.1768442839384079, 0.10259416699409485, 0.047669198364019394, 0.019107047468423843, 0.005508126225322485, 0.0005990866338834167]",128,0.6666666865348816,0,0,"[128, 128, 128, 128, 128, 128, 128, 128, 128, 128, 128]","[0.6666666865348816, 0.6666666865348816, 0.6666666865348816, 0.6666666865348816, 0.6666666865348816, 0.6666666865348816, 0.6666666865348816, 0.6666666865348816, 0.6666666865348816, 0.6666666865348816, 0.6666666865348816]",128,0.6666666865348816,0,0,"[128, 128, 128, 128, 128, 128, 126, 6, 0, 0, 0]","[0.6666666865348816, 0.6666666865348816, 0.6666666865348816, 0.6666666865348816, 0.6666666865348816, 0.6666666865348816, 0.65625, 0.03125, 0.0, 0.0, 0.0]",128,0.6666666865348816,0,0,"[128, 128, 128, 128, 128, 123, 5, 0, 0, 0, 0]","[0.6666666865348816, 0.6666666865348816, 0.6666666865348816, 0.6666666865348816, 0.6666666865348816, 0.640625, 0.0260416679084301, 0.0, 0.0, 0.0, 0.0]",128,0.6666666865348816,0,0,"[128, 128, 128, 123, 122, 9, 0, 0, 0, 0, 0]","[0.6666666865348816, 0.6666666865348816, 0.6666666865348816, 0.640625, 0.6354166865348816, 0.046875, 0.0, 0.0, 0.0, 0.0, 0.0]",127,0.6614583730697632,0,0,"[127, 126, 74, 20, 0, 0, 0, 0, 0, 0, 0]","[0.6614583730697632, 0.65625, 0.3854166865348816, 0.1041666716337204, 0.0, 0.0, 0.0, 0.0, 0.0, 0.0, 0.0]",104,0.5416666865348816,0,0,"[104, 13, 5, 0, 0, 0, 0, 0, 0, 0, 0]","[0.5416666865348816, 0.0677083358168602, 0.0260416679084301, 0.0, 0.0, 0.0, 0.0, 0.0, 0.0, 0.0, 0.0]",27,0.140625,0,0,"[27, 2, 0, 0, 0, 0, 0, 0, 0, 0, 0]","[0.140625, 0.010416666977107525, 0.0, 0.0, 0.0, 0.0, 0.0, 0.0, 0.0, 0.0, 0.0]",8,0.0416666679084301,0,0,"[8, 1, 0, 0, 0, 0, 0, 0, 0, 0, 0]","[0.0416666679084301, 0.0052083334885537624, 0.0, 0.0, 0.0, 0.0, 0.0, 0.0, 0.0, 0.0, 0.0]",4,0.02083333395421505,0,0,"[4, 0, 0, 0, 0, 0, 0, 0, 0, 0, 0]","[0.02083333395421505, 0.0, 0.0, 0.0, 0.0, 0.0, 0.0, 0.0, 0.0, 0.0, 0.0]",2,0.010416666977107525,0,0,"[2, 0, 0, 0, 0, 0, 0, 0, 0, 0, 0]","[0.010416666977107525, 0.0, 0.0, 0.0, 0.0, 0.0, 0.0, 0.0, 0.0, 0.0, 0.0]",0,0.0,0,0,"[0, 0, 0, 0, 0, 0, 0, 0, 0, 0, 0]","[0.0, 0.0, 0.0, 0.0, 0.0, 0.0, 0.0, 0.0, 0.0, 0.0, 0.0]",0.3101200461387634,0,"[0.3101200461387634, 0.2820757031440735, 0.25458860397338867, 0.2323167771100998, 0.20503616333007812, 0.15934577584266663, 0.09928269684314728, 0.057973600924015045, 0.037453196942806244, 0.026317130774259567, 0.0011241008760407567]",60,0.9375,0,0,"[60, 60, 60, 60, 60, 60, 60, 60, 60, 60, 60]","[0.9375, 0.9375, 0.9375, 0.9375, 0.9375, 0.9375, 0.9375, 0.9375, 0.9375, 0.9375, 0.9375]",60,0.9375,0,0,"[60, 60, 60, 60, 60, 59, 25, 10, 8, 5, 0]","[0.9375, 0.9375, 0.9375, 0.9375, 0.9375, 0.921875, 0.390625, 0.15625, 0.125, 0.078125, 0.0]",60,0.9375,0,0,"[60, 60, 60, 60, 41, 13, 4, 0, 0, 0, 0]","[0.9375, 0.9375, 0.9375, 0.9375, 0.640625, 0.203125, 0.0625, 0.0, 0.0, 0.0, 0.0]",49,0.765625,0,0,"[49, 31, 18, 3, 1, 0, 0, 0, 0, 0, 0]","[0.765625, 0.484375, 0.28125, 0.046875, 0.015625, 0.0, 0.0, 0.0, 0.0, 0.0, 0.0]",4,0.0625,0,0,"[4, 0, 0, 0, 0, 0, 0, 0, 0, 0, 0]","[0.0625, 0.0, 0.0, 0.0, 0.0, 0.0, 0.0, 0.0, 0.0, 0.0, 0.0]",0,0.0,0,0,"[0, 0, 0, 0, 0, 0, 0, 0, 0, 0, 0]","[0.0, 0.0, 0.0, 0.0, 0.0, 0.0, 0.0, 0.0, 0.0, 0.0, 0.0]",0,0.0,0,0,"[0, 0, 0, 0, 0, 0, 0, 0, 0, 0, 0]","[0.0, 0.0, 0.0, 0.0, 0.0, 0.0, 0.0, 0.0, 0.0, 0.0, 0.0]",0,0.0,0,0,"[0, 0, 0, 0, 0, 0, 0, 0, 0, 0, 0]","[0.0, 0.0, 0.0, 0.0, 0.0, 0.0, 0.0, 0.0, 0.0, 0.0, 0.0]",0,0.0,0,0,"[0, 0, 0, 0, 0, 0, 0, 0, 0, 0, 0]","[0.0, 0.0, 0.0, 0.0, 0.0, 0.0, 0.0, 0.0, 0.0, 0.0, 0.0]",0,0.0,0,0,"[0, 0, 0, 0, 0, 0, 0, 0, 0, 0, 0]","[0.0, 0.0, 0.0, 0.0, 0.0, 0.0, 0.0, 0.0, 0.0, 0.0, 0.0]",0,0.0,0,0,"[0, 0, 0, 0, 0, 0, 0, 0, 0, 0, 0]","[0.0, 0.0, 0.0, 0.0, 0.0, 0.0, 0.0, 0.0, 0.0, 0.0, 0.0]"
2,autoencoders/othello_mlp_acts_identity_aes/,autoencoders/othello_mlp_acts_identity_aes/layer_2/,autoencoders/othello_mlp_acts_identity_aes/layer_2/indexing_None_n_inputs_1000_reconstruction.pkl,Identity,IdentityDict,1000,1000,1000,1969.719970703125,134.97923278808594,0.0,0.9617773294448853,1.0,1.0,1.0,2.054067611694336,2.054067611694336,2.066290855407715,1.0,2048,59000,3776000,0,224.2177734375,224.2177734375,0.5055038332939148,0.5055038332939148,0.6198147535324097,1297663,1297663,60474,60474,2478337,2478337,10928,10928,10794,10794,"tensor([1097, 1596, 2028, 2480, 3089, 3988, 4985, 5858, 5114, 1810,    9],
       device='cuda:0')","tensor([14,  0,  1,  0,  0,  0,  0,  0,  0,  0,  0], device='cuda:0')",59000,2006000,0,224.2177734375,224.2177734375,0.3985200226306915,0.3985200226306915,0.5533542037010193,502673,502673,14026,14026,1503327,1503327,486,486,486,486,"tensor([ 564,  932, 1212, 1468, 1774, 2074, 2350, 2404, 1738,  479,    1],
       device='cuda:0')","tensor([14,  0,  1,  0,  0,  0,  0,  0,  0,  0,  0], device='cuda:0')",59000,506839,7,224.2177734375,1.8284250497817995,0.0,0.0125090908259153,0.0162737425416708,0,3191,0,159,506839,503648,0,0,0,0,"tensor([ 0,  0,  0,  0,  0,  2,  2, 22, 23, 19,  0], device='cuda:0')","tensor([0, 0, 0, 0, 0, 0, 2, 2, 3, 2, 0], device='cuda:0')",0.6501641273498535,0,"[0.6501641273498535, 0.5216097831726074, 0.4241623878479004, 0.39715248346328735, 0.39075180888175964, 0.37414705753326416, 0.3363674581050873, 0.24298857152462006, 0.09867482632398605, 0.036065056920051575, 0.0006796478992328048]",188,0.9791666865348816,0,0,"[188, 188, 188, 188, 188, 188, 188, 188, 188, 188, 188]","[0.9791666865348816, 0.9791666865348816, 0.9791666865348816, 0.9791666865348816, 0.9791666865348816, 0.9791666865348816, 0.9791666865348816, 0.9791666865348816, 0.9791666865348816, 0.9791666865348816, 0.9791666865348816]",188,0.9791666865348816,0,0,"[188, 188, 188, 188, 188, 188, 188, 188, 71, 23, 0]","[0.9791666865348816, 0.9791666865348816, 0.9791666865348816, 0.9791666865348816, 0.9791666865348816, 0.9791666865348816, 0.9791666865348816, 0.9791666865348816, 0.3697916865348816, 0.1197916716337204, 0.0]",188,0.9791666865348816,0,0,"[188, 188, 188, 188, 188, 188, 180, 110, 12, 0, 0]","[0.9791666865348816, 0.9791666865348816, 0.9791666865348816, 0.9791666865348816, 0.9791666865348816, 0.9791666865348816, 0.9375, 0.5729166865348816, 0.0625, 0.0, 0.0]",188,0.9791666865348816,0,0,"[188, 188, 164, 149, 141, 132, 111, 61, 0, 0, 0]","[0.9791666865348816, 0.9791666865348816, 0.8541666865348816, 0.7760416865348816, 0.734375, 0.6875, 0.578125, 0.3177083432674408, 0.0, 0.0, 0.0]",184,0.9583333730697632,0,0,"[184, 168, 105, 94, 87, 75, 64, 0, 0, 0, 0]","[0.9583333730697632, 0.875, 0.546875, 0.4895833432674408, 0.453125, 0.390625, 0.3333333432674408, 0.0, 0.0, 0.0, 0.0]",166,0.8645833730697632,0,0,"[166, 108, 63, 38, 37, 33, 22, 0, 0, 0, 0]","[0.8645833730697632, 0.5625, 0.328125, 0.1979166716337204, 0.1927083432674408, 0.171875, 0.1145833358168602, 0.0, 0.0, 0.0, 0.0]",132,0.6875,0,0,"[132, 72, 5, 2, 3, 0, 0, 0, 0, 0, 0]","[0.6875, 0.375, 0.0260416679084301, 0.010416666977107525, 0.015625, 0.0, 0.0, 0.0, 0.0, 0.0, 0.0]",77,0.4010416865348816,0,0,"[77, 1, 0, 0, 0, 0, 0, 0, 0, 0, 0]","[0.4010416865348816, 0.0052083334885537624, 0.0, 0.0, 0.0, 0.0, 0.0, 0.0, 0.0, 0.0, 0.0]",28,0.1458333432674408,0,0,"[28, 0, 0, 0, 0, 0, 0, 0, 0, 0, 0]","[0.1458333432674408, 0.0, 0.0, 0.0, 0.0, 0.0, 0.0, 0.0, 0.0, 0.0, 0.0]",1,0.0052083334885537624,0,0,"[1, 0, 0, 0, 0, 0, 0, 0, 0, 0, 0]","[0.0052083334885537624, 0.0, 0.0, 0.0, 0.0, 0.0, 0.0, 0.0, 0.0, 0.0, 0.0]",0,0.0,0,0,"[0, 0, 0, 0, 0, 0, 0, 0, 0, 0, 0]","[0.0, 0.0, 0.0, 0.0, 0.0, 0.0, 0.0, 0.0, 0.0, 0.0, 0.0]",0.4217812418937683,0,"[0.4217812418937683, 0.3272368907928467, 0.25639042258262634, 0.2371939867734909, 0.23270843923091888, 0.2243403196334839, 0.19513043761253357, 0.13383103907108307, 0.04819571226835251, 0.006711981724947691, 0.0005077057285234332]",128,0.6666666865348816,0,0,"[128, 128, 128, 128, 128, 128, 128, 128, 128, 128, 128]","[0.6666666865348816, 0.6666666865348816, 0.6666666865348816, 0.6666666865348816, 0.6666666865348816, 0.6666666865348816, 0.6666666865348816, 0.6666666865348816, 0.6666666865348816, 0.6666666865348816, 0.6666666865348816]",128,0.6666666865348816,0,0,"[128, 128, 128, 128, 128, 128, 128, 128, 11, 0, 0]","[0.6666666865348816, 0.6666666865348816, 0.6666666865348816, 0.6666666865348816, 0.6666666865348816, 0.6666666865348816, 0.6666666865348816, 0.6666666865348816, 0.0572916679084301, 0.0, 0.0]",128,0.6666666865348816,0,0,"[128, 128, 128, 128, 128, 128, 120, 50, 0, 0, 0]","[0.6666666865348816, 0.6666666865348816, 0.6666666865348816, 0.6666666865348816, 0.6666666865348816, 0.6666666865348816, 0.625, 0.2604166865348816, 0.0, 0.0, 0.0]",128,0.6666666865348816,0,0,"[128, 128, 104, 89, 81, 72, 51, 9, 0, 0, 0]","[0.6666666865348816, 0.6666666865348816, 0.5416666865348816, 0.4635416865348816, 0.421875, 0.375, 0.265625, 0.046875, 0.0, 0.0, 0.0]",124,0.6458333730697632,0,0,"[124, 108, 45, 34, 32, 27, 16, 0, 0, 0, 0]","[0.6458333730697632, 0.5625, 0.234375, 0.1770833432674408, 0.1666666716337204, 0.140625, 0.0833333358168602, 0.0, 0.0, 0.0, 0.0]",106,0.5520833730697632,0,0,"[106, 50, 22, 7, 6, 4, 1, 0, 0, 0, 0]","[0.5520833730697632, 0.2604166865348816, 0.1145833358168602, 0.0364583358168602, 0.03125, 0.02083333395421505, 0.0052083334885537624, 0.0, 0.0, 0.0, 0.0]",81,0.421875,0,0,"[81, 24, 1, 0, 0, 0, 0, 0, 0, 0, 0]","[0.421875, 0.125, 0.0052083334885537624, 0.0, 0.0, 0.0, 0.0, 0.0, 0.0, 0.0, 0.0]",30,0.15625,0,0,"[30, 1, 0, 0, 0, 0, 0, 0, 0, 0, 0]","[0.15625, 0.0052083334885537624, 0.0, 0.0, 0.0, 0.0, 0.0, 0.0, 0.0, 0.0, 0.0]",16,0.0833333358168602,0,0,"[16, 0, 0, 0, 0, 0, 0, 0, 0, 0, 0]","[0.0833333358168602, 0.0, 0.0, 0.0, 0.0, 0.0, 0.0, 0.0, 0.0, 0.0, 0.0]",1,0.0052083334885537624,0,0,"[1, 0, 0, 0, 0, 0, 0, 0, 0, 0, 0]","[0.0052083334885537624, 0.0, 0.0, 0.0, 0.0, 0.0, 0.0, 0.0, 0.0, 0.0, 0.0]",0,0.0,0,0,"[0, 0, 0, 0, 0, 0, 0, 0, 0, 0, 0]","[0.0, 0.0, 0.0, 0.0, 0.0, 0.0, 0.0, 0.0, 0.0, 0.0, 0.0]",0.30969327688217163,1,"[0.30835285782814026, 0.30969327688217163, 0.29094550013542175, 0.2538389265537262, 0.23016703128814697, 0.22746050357818604, 0.20901137590408325, 0.16707339882850647, 0.08125559985637665, 0.028893955051898956, 0.0009707625722512603]",60,0.9375,0,0,"[60, 60, 60, 60, 60, 60, 60, 60, 60, 60, 60]","[0.9375, 0.9375, 0.9375, 0.9375, 0.9375, 0.9375, 0.9375, 0.9375, 0.9375, 0.9375, 0.9375]",60,0.9375,0,0,"[60, 60, 60, 60, 60, 60, 60, 60, 17, 8, 0]","[0.9375, 0.9375, 0.9375, 0.9375, 0.9375, 0.9375, 0.9375, 0.9375, 0.265625, 0.125, 0.0]",60,0.9375,0,0,"[60, 60, 60, 60, 59, 59, 54, 12, 0, 0, 0]","[0.9375, 0.9375, 0.9375, 0.9375, 0.921875, 0.921875, 0.84375, 0.1875, 0.0, 0.0, 0.0]",54,0.84375,0,0,"[54, 51, 33, 15, 0, 0, 0, 0, 0, 0, 0]","[0.84375, 0.796875, 0.515625, 0.234375, 0.0, 0.0, 0.0, 0.0, 0.0, 0.0, 0.0]",1,0.015625,0,0,"[1, 0, 1, 0, 0, 0, 0, 0, 0, 0, 0]","[0.015625, 0.0, 0.015625, 0.0, 0.0, 0.0, 0.0, 0.0, 0.0, 0.0, 0.0]",0,0.0,0,0,"[0, 0, 0, 0, 0, 0, 0, 0, 0, 0, 0]","[0.0, 0.0, 0.0, 0.0, 0.0, 0.0, 0.0, 0.0, 0.0, 0.0, 0.0]",0,0.0,0,0,"[0, 0, 0, 0, 0, 0, 0, 0, 0, 0, 0]","[0.0, 0.0, 0.0, 0.0, 0.0, 0.0, 0.0, 0.0, 0.0, 0.0, 0.0]",0,0.0,0,0,"[0, 0, 0, 0, 0, 0, 0, 0, 0, 0, 0]","[0.0, 0.0, 0.0, 0.0, 0.0, 0.0, 0.0, 0.0, 0.0, 0.0, 0.0]",0,0.0,0,0,"[0, 0, 0, 0, 0, 0, 0, 0, 0, 0, 0]","[0.0, 0.0, 0.0, 0.0, 0.0, 0.0, 0.0, 0.0, 0.0, 0.0, 0.0]",0,0.0,0,0,"[0, 0, 0, 0, 0, 0, 0, 0, 0, 0, 0]","[0.0, 0.0, 0.0, 0.0, 0.0, 0.0, 0.0, 0.0, 0.0, 0.0, 0.0]",0,0.0,0,0,"[0, 0, 0, 0, 0, 0, 0, 0, 0, 0, 0]","[0.0, 0.0, 0.0, 0.0, 0.0, 0.0, 0.0, 0.0, 0.0, 0.0, 0.0]"
3,autoencoders/othello_mlp_acts_identity_aes/,autoencoders/othello_mlp_acts_identity_aes/layer_3/,autoencoders/othello_mlp_acts_identity_aes/layer_3/indexing_None_n_inputs_1000_reconstruction.pkl,Identity,IdentityDict,1000,1000,1000,1929.1199951171875,142.33485412597656,0.0,0.9419531226158142,1.0,1.0,1.0,2.054067611694336,2.054067611694336,2.063077926635742,1.0,2048,59000,3776000,0,252.1037750244141,252.1037750244141,0.5762072801589966,0.5762072801589966,0.7083402276039124,1554182,1554182,64342,64342,2221818,2221818,13016,13016,12957,12957,"tensor([ 869, 1360, 1727, 2084, 2444, 2992, 3632, 4041, 3425, 1242,    2],
       device='cuda:0')","tensor([15,  9,  7,  4,  1,  0,  0,  0,  0,  0,  0], device='cuda:0')",59000,2006000,1,252.1037750244141,128.2591552734375,0.4920498430728912,0.5230165719985962,0.6618243455886841,660649,717738,18644,20871,1345351,1288262,1109,1960,1109,1956,"tensor([ 635, 1013, 1286, 1550, 1802, 2055, 2271, 2222, 1607,  486,    2],
       device='cuda:0')","tensor([15,  7,  6,  3,  1,  0,  0,  0,  0,  0,  0], device='cuda:0')",59000,506839,4,252.1037750244141,15.794617652893066,0.0,0.0137844011187553,0.0276295002549886,0,3518,0,75,506839,503321,0,0,0,0,"tensor([ 0,  1,  4,  7, 12, 14, 14, 20, 20,  4,  0], device='cuda:0')","tensor([0, 0, 0, 0, 0, 0, 0, 0, 0, 0, 0], device='cuda:0')",0.6820423007011414,0,"[0.6820423007011414, 0.5682403445243835, 0.46775925159454346, 0.3691105246543884, 0.2732682228088379, 0.19236032664775848, 0.1349494755268097, 0.09231232851743698, 0.042259152978658676, 0.006782574579119682, 0.0007512636366300285]",188,0.9791666865348816,0,0,"[188, 188, 188, 188, 188, 188, 188, 188, 188, 188, 188]","[0.9791666865348816, 0.9791666865348816, 0.9791666865348816, 0.9791666865348816, 0.9791666865348816, 0.9791666865348816, 0.9791666865348816, 0.9791666865348816, 0.9791666865348816, 0.9791666865348816, 0.9791666865348816]",188,0.9791666865348816,0,0,"[188, 188, 188, 188, 188, 177, 77, 65, 29, 0, 0]","[0.9791666865348816, 0.9791666865348816, 0.9791666865348816, 0.9791666865348816, 0.9791666865348816, 0.921875, 0.4010416865348816, 0.3385416865348816, 0.1510416716337204, 0.0, 0.0]",188,0.9791666865348816,0,0,"[188, 188, 188, 187, 140, 65, 57, 31, 0, 0, 0]","[0.9791666865348816, 0.9791666865348816, 0.9791666865348816, 0.9739583730697632, 0.7291666865348816, 0.3385416865348816, 0.296875, 0.1614583432674408, 0.0, 0.0, 0.0]",188,0.9791666865348816,0,0,"[188, 188, 170, 133, 75, 31, 23, 5, 0, 0, 0]","[0.9791666865348816, 0.9791666865348816, 0.8854166865348816, 0.6927083730697632, 0.390625, 0.1614583432674408, 0.1197916716337204, 0.0260416679084301, 0.0, 0.0, 0.0]",187,0.9739583730697632,0,0,"[187, 167, 122, 82, 22, 10, 1, 0, 0, 0, 0]","[0.9739583730697632, 0.8697916865348816, 0.6354166865348816, 0.4270833432674408, 0.1145833358168602, 0.0520833358168602, 0.0052083334885537624, 0.0, 0.0, 0.0, 0.0]",171,0.890625,0,0,"[171, 134, 85, 17, 1, 0, 0, 0, 0, 0, 0]","[0.890625, 0.6979166865348816, 0.4427083432674408, 0.0885416716337204, 0.0052083334885537624, 0.0, 0.0, 0.0, 0.0, 0.0, 0.0]",148,0.7708333730697632,0,0,"[148, 82, 45, 1, 1, 0, 0, 0, 0, 0, 0]","[0.7708333730697632, 0.4270833432674408, 0.234375, 0.0052083334885537624, 0.0052083334885537624, 0.0, 0.0, 0.0, 0.0, 0.0, 0.0]",108,0.5625,0,0,"[108, 43, 3, 1, 0, 0, 0, 0, 0, 0, 0]","[0.5625, 0.2239583432674408, 0.015625, 0.0052083334885537624, 0.0, 0.0, 0.0, 0.0, 0.0, 0.0, 0.0]",27,0.140625,0,0,"[27, 6, 1, 0, 0, 0, 0, 0, 0, 0, 0]","[0.140625, 0.03125, 0.0052083334885537624, 0.0, 0.0, 0.0, 0.0, 0.0, 0.0, 0.0, 0.0]",8,0.0416666679084301,0,0,"[8, 1, 0, 0, 0, 0, 0, 0, 0, 0, 0]","[0.0416666679084301, 0.0052083334885537624, 0.0, 0.0, 0.0, 0.0, 0.0, 0.0, 0.0, 0.0, 0.0]",0,0.0,0,0,"[0, 0, 0, 0, 0, 0, 0, 0, 0, 0, 0]","[0.0, 0.0, 0.0, 0.0, 0.0, 0.0, 0.0, 0.0, 0.0, 0.0, 0.0]",0.4462294280529022,0,"[0.4462294280529022, 0.35107922554016113, 0.27885618805885315, 0.21690914034843445, 0.15421521663665771, 0.09173117578029633, 0.04782722517848015, 0.024984493851661682, 0.010395643301308155, 0.0025169737637043, 0.0005841696984134614]",128,0.6666666865348816,0,0,"[128, 128, 128, 128, 128, 128, 128, 128, 128, 128, 128]","[0.6666666865348816, 0.6666666865348816, 0.6666666865348816, 0.6666666865348816, 0.6666666865348816, 0.6666666865348816, 0.6666666865348816, 0.6666666865348816, 0.6666666865348816, 0.6666666865348816, 0.6666666865348816]",128,0.6666666865348816,0,0,"[128, 128, 128, 128, 128, 117, 17, 5, 0, 0, 0]","[0.6666666865348816, 0.6666666865348816, 0.6666666865348816, 0.6666666865348816, 0.6666666865348816, 0.609375, 0.0885416716337204, 0.0260416679084301, 0.0, 0.0, 0.0]",128,0.6666666865348816,0,0,"[128, 128, 128, 127, 80, 5, 0, 0, 0, 0, 0]","[0.6666666865348816, 0.6666666865348816, 0.6666666865348816, 0.6614583730697632, 0.4166666865348816, 0.0260416679084301, 0.0, 0.0, 0.0, 0.0, 0.0]",128,0.6666666865348816,0,0,"[128, 128, 110, 73, 15, 0, 0, 0, 0, 0, 0]","[0.6666666865348816, 0.6666666865348816, 0.5729166865348816, 0.3802083432674408, 0.078125, 0.0, 0.0, 0.0, 0.0, 0.0, 0.0]",127,0.6614583730697632,0,0,"[127, 107, 62, 22, 0, 0, 0, 0, 0, 0, 0]","[0.6614583730697632, 0.5572916865348816, 0.3229166865348816, 0.1145833358168602, 0.0, 0.0, 0.0, 0.0, 0.0, 0.0, 0.0]",111,0.578125,0,0,"[111, 75, 27, 3, 0, 0, 0, 0, 0, 0, 0]","[0.578125, 0.390625, 0.140625, 0.015625, 0.0, 0.0, 0.0, 0.0, 0.0, 0.0, 0.0]",95,0.4947916865348816,0,0,"[95, 30, 15, 0, 0, 0, 0, 0, 0, 0, 0]","[0.4947916865348816, 0.15625, 0.078125, 0.0, 0.0, 0.0, 0.0, 0.0, 0.0, 0.0, 0.0]",60,0.3125,0,0,"[60, 12, 1, 0, 0, 0, 0, 0, 0, 0, 0]","[0.3125, 0.0625, 0.0052083334885537624, 0.0, 0.0, 0.0, 0.0, 0.0, 0.0, 0.0, 0.0]",11,0.0572916679084301,0,0,"[11, 3, 0, 0, 0, 0, 0, 0, 0, 0, 0]","[0.0572916679084301, 0.015625, 0.0, 0.0, 0.0, 0.0, 0.0, 0.0, 0.0, 0.0, 0.0]",4,0.02083333395421505,0,0,"[4, 0, 0, 0, 0, 0, 0, 0, 0, 0, 0]","[0.02083333395421505, 0.0, 0.0, 0.0, 0.0, 0.0, 0.0, 0.0, 0.0, 0.0, 0.0]",0,0.0,0,0,"[0, 0, 0, 0, 0, 0, 0, 0, 0, 0, 0]","[0.0, 0.0, 0.0, 0.0, 0.0, 0.0, 0.0, 0.0, 0.0, 0.0, 0.0]",0.3627190887928009,0,"[0.3627190887928009, 0.3450419306755066, 0.31877401471138, 0.26538872718811035, 0.21171647310256958, 0.15036176145076752, 0.09683309495449066, 0.0652017742395401, 0.034427210688591, 0.007153766229748726, 0.0009556993027217686]",60,0.9375,0,0,"[60, 60, 60, 60, 60, 60, 60, 60, 60, 60, 60]","[0.9375, 0.9375, 0.9375, 0.9375, 0.9375, 0.9375, 0.9375, 0.9375, 0.9375, 0.9375, 0.9375]",60,0.9375,0,0,"[60, 60, 60, 60, 60, 60, 12, 12, 7, 0, 0]","[0.9375, 0.9375, 0.9375, 0.9375, 0.9375, 0.9375, 0.1875, 0.1875, 0.109375, 0.0, 0.0]",60,0.9375,0,0,"[60, 60, 60, 59, 45, 12, 10, 4, 0, 0, 0]","[0.9375, 0.9375, 0.9375, 0.921875, 0.703125, 0.1875, 0.15625, 0.0625, 0.0, 0.0, 0.0]",60,0.9375,0,0,"[60, 49, 45, 17, 1, 0, 0, 0, 0, 0, 0]","[0.9375, 0.765625, 0.703125, 0.265625, 0.015625, 0.0, 0.0, 0.0, 0.0, 0.0, 0.0]",15,0.234375,0,0,"[15, 14, 8, 1, 1, 0, 0, 0, 0, 0, 0]","[0.234375, 0.21875, 0.125, 0.015625, 0.015625, 0.0, 0.0, 0.0, 0.0, 0.0, 0.0]",8,0.125,1,1,"[6, 8, 3, 1, 0, 0, 0, 0, 0, 0, 0]","[0.09375, 0.125, 0.046875, 0.015625, 0.0, 0.0, 0.0, 0.0, 0.0, 0.0, 0.0]",3,0.046875,0,0,"[3, 3, 1, 0, 0, 0, 0, 0, 0, 0, 0]","[0.046875, 0.046875, 0.015625, 0.0, 0.0, 0.0, 0.0, 0.0, 0.0, 0.0, 0.0]",0,0.0,0,0,"[0, 0, 0, 0, 0, 0, 0, 0, 0, 0, 0]","[0.0, 0.0, 0.0, 0.0, 0.0, 0.0, 0.0, 0.0, 0.0, 0.0, 0.0]",0,0.0,0,0,"[0, 0, 0, 0, 0, 0, 0, 0, 0, 0, 0]","[0.0, 0.0, 0.0, 0.0, 0.0, 0.0, 0.0, 0.0, 0.0, 0.0, 0.0]",0,0.0,0,0,"[0, 0, 0, 0, 0, 0, 0, 0, 0, 0, 0]","[0.0, 0.0, 0.0, 0.0, 0.0, 0.0, 0.0, 0.0, 0.0, 0.0, 0.0]",0,0.0,0,0,"[0, 0, 0, 0, 0, 0, 0, 0, 0, 0, 0]","[0.0, 0.0, 0.0, 0.0, 0.0, 0.0, 0.0, 0.0, 0.0, 0.0, 0.0]"
4,autoencoders/othello_mlp_acts_identity_aes/,autoencoders/othello_mlp_acts_identity_aes/layer_4/,autoencoders/othello_mlp_acts_identity_aes/layer_4/indexing_None_n_inputs_1000_reconstruction.pkl,Identity,IdentityDict,1000,1000,1000,1878.0,203.7797393798828,0.0,0.9169921875,1.0,1.0,1.0,2.054067611694336,2.054067611694336,2.0887722969055176,1.0,2048,59000,3776000,1,272.44305419921875,162.93765258789062,0.8409345746040344,0.8534714579582214,0.9139172434806824,2794780,2868119,76063,76947,981220,907881,30731,36937,30573,36756,"tensor([1020, 1633, 2103, 2529, 2936, 3313, 3724, 3952, 3808, 2169,    5],
       device='cuda:0')","tensor([115,  83,  53,  28,  15,  13,   8,   0,   0,   0,   0],
       device='cuda:0')",59000,2006000,1,272.44305419921875,162.93765258789062,0.7722773551940918,0.8068718314170837,0.8861290216445923,1281607,1380958,31426,36034,724393,625042,6546,9770,6546,9739,"tensor([ 662, 1173, 1536, 1842, 2094, 2275, 2423, 2306, 1811,  724,    4],
       device='cuda:0')","tensor([66, 39, 20,  4,  3,  2,  0,  0,  0,  0,  0], device='cuda:0')",59000,506839,4,272.44305419921875,34.77149200439453,0.0,0.1812497675418853,0.2325747162103653,0,50555,0,455,506839,456284,0,0,0,0,"tensor([  0,   7,  40,  62,  80,  85,  92,  98, 102,  67,   1],
       device='cuda:0')","tensor([0, 1, 1, 1, 2, 1, 0, 0, 0, 0, 0], device='cuda:0')",0.8335354328155518,0,"[0.8335354328155518, 0.7508716583251953, 0.641223132610321, 0.5465999841690063, 0.4650253653526306, 0.3780079483985901, 0.2782900929450989, 0.16647353768348694, 0.06983725726604462, 0.03864218294620514, 0.000817731604911387]",188,0.9791666865348816,0,0,"[188, 188, 188, 188, 188, 188, 188, 188, 188, 188, 188]","[0.9791666865348816, 0.9791666865348816, 0.9791666865348816, 0.9791666865348816, 0.9791666865348816, 0.9791666865348816, 0.9791666865348816, 0.9791666865348816, 0.9791666865348816, 0.9791666865348816, 0.9791666865348816]",188,0.9791666865348816,0,0,"[188, 188, 188, 188, 188, 188, 188, 115, 48, 28, 0]","[0.9791666865348816, 0.9791666865348816, 0.9791666865348816, 0.9791666865348816, 0.9791666865348816, 0.9791666865348816, 0.9791666865348816, 0.5989583730697632, 0.25, 0.1458333432674408, 0.0]",188,0.9791666865348816,0,0,"[188, 188, 188, 188, 188, 169, 105, 61, 9, 0, 0]","[0.9791666865348816, 0.9791666865348816, 0.9791666865348816, 0.9791666865348816, 0.9791666865348816, 0.8802083730697632, 0.546875, 0.3177083432674408, 0.046875, 0.0, 0.0]",188,0.9791666865348816,0,0,"[188, 188, 188, 180, 158, 91, 65, 16, 0, 0, 0]","[0.9791666865348816, 0.9791666865348816, 0.9791666865348816, 0.9375, 0.8229166865348816, 0.4739583432674408, 0.3385416865348816, 0.0833333358168602, 0.0, 0.0, 0.0]",188,0.9791666865348816,0,0,"[188, 187, 182, 144, 80, 62, 50, 5, 0, 0, 0]","[0.9791666865348816, 0.9739583730697632, 0.9479166865348816, 0.75, 0.4166666865348816, 0.3229166865348816, 0.2604166865348816, 0.0260416679084301, 0.0, 0.0, 0.0]",183,0.953125,0,0,"[183, 176, 148, 86, 64, 60, 16, 3, 0, 0, 0]","[0.953125, 0.9166666865348816, 0.7708333730697632, 0.4479166865348816, 0.3333333432674408, 0.3125, 0.0833333358168602, 0.015625, 0.0, 0.0, 0.0]",172,0.8958333730697632,0,0,"[172, 161, 111, 71, 52, 28, 10, 2, 0, 0, 0]","[0.8958333730697632, 0.8385416865348816, 0.578125, 0.3697916865348816, 0.2708333432674408, 0.1458333432674408, 0.0520833358168602, 0.010416666977107525, 0.0, 0.0, 0.0]",160,0.8333333730697632,0,0,"[160, 139, 66, 36, 28, 18, 10, 0, 0, 0, 0]","[0.8333333730697632, 0.7239583730697632, 0.34375, 0.1875, 0.1458333432674408, 0.09375, 0.0520833358168602, 0.0, 0.0, 0.0, 0.0]",147,0.765625,0,0,"[147, 74, 35, 32, 27, 12, 4, 0, 0, 0, 0]","[0.765625, 0.3854166865348816, 0.1822916716337204, 0.1666666716337204, 0.140625, 0.0625, 0.02083333395421505, 0.0, 0.0, 0.0, 0.0]",91,0.4739583432674408,0,0,"[91, 40, 32, 27, 13, 10, 0, 0, 0, 0, 0]","[0.4739583432674408, 0.2083333432674408, 0.1666666716337204, 0.140625, 0.0677083358168602, 0.0520833358168602, 0.0, 0.0, 0.0, 0.0, 0.0]",0,0.0,0,0,"[0, 0, 0, 0, 0, 0, 0, 0, 0, 0, 0]","[0.0, 0.0, 0.0, 0.0, 0.0, 0.0, 0.0, 0.0, 0.0, 0.0, 0.0]",0.548529326915741,0,"[0.548529326915741, 0.4756443500518799, 0.38071808218955994, 0.2974013686180115, 0.2341749519109726, 0.17527484893798828, 0.12329532951116562, 0.07234117388725281, 0.026888158172369003, 0.007390047889202833, 0.000661289319396019]",128,0.6666666865348816,0,0,"[128, 128, 128, 128, 128, 128, 128, 128, 128, 128, 128]","[0.6666666865348816, 0.6666666865348816, 0.6666666865348816, 0.6666666865348816, 0.6666666865348816, 0.6666666865348816, 0.6666666865348816, 0.6666666865348816, 0.6666666865348816, 0.6666666865348816, 0.6666666865348816]",128,0.6666666865348816,0,0,"[128, 128, 128, 128, 128, 128, 128, 55, 0, 0, 0]","[0.6666666865348816, 0.6666666865348816, 0.6666666865348816, 0.6666666865348816, 0.6666666865348816, 0.6666666865348816, 0.6666666865348816, 0.2864583432674408, 0.0, 0.0, 0.0]",128,0.6666666865348816,0,0,"[128, 128, 128, 128, 128, 109, 45, 1, 0, 0, 0]","[0.6666666865348816, 0.6666666865348816, 0.6666666865348816, 0.6666666865348816, 0.6666666865348816, 0.5677083730697632, 0.234375, 0.0052083334885537624, 0.0, 0.0, 0.0]",128,0.6666666865348816,0,0,"[128, 128, 128, 120, 98, 31, 5, 0, 0, 0, 0]","[0.6666666865348816, 0.6666666865348816, 0.6666666865348816, 0.625, 0.5104166865348816, 0.1614583432674408, 0.0260416679084301, 0.0, 0.0, 0.0, 0.0]",128,0.6666666865348816,0,0,"[128, 127, 122, 84, 20, 2, 0, 0, 0, 0, 0]","[0.6666666865348816, 0.6614583730697632, 0.6354166865348816, 0.4375, 0.1041666716337204, 0.010416666977107525, 0.0, 0.0, 0.0, 0.0, 0.0]",123,0.640625,0,0,"[123, 116, 88, 26, 4, 0, 0, 0, 0, 0, 0]","[0.640625, 0.6041666865348816, 0.4583333432674408, 0.1354166716337204, 0.02083333395421505, 0.0, 0.0, 0.0, 0.0, 0.0, 0.0]",112,0.5833333730697632,0,0,"[112, 101, 51, 11, 3, 0, 0, 0, 0, 0, 0]","[0.5833333730697632, 0.5260416865348816, 0.265625, 0.0572916679084301, 0.015625, 0.0, 0.0, 0.0, 0.0, 0.0, 0.0]",100,0.5208333730697632,0,0,"[100, 80, 19, 3, 1, 0, 0, 0, 0, 0, 0]","[0.5208333730697632, 0.4166666865348816, 0.0989583358168602, 0.015625, 0.0052083334885537624, 0.0, 0.0, 0.0, 0.0, 0.0, 0.0]",90,0.46875,0,0,"[90, 35, 4, 3, 0, 0, 0, 0, 0, 0, 0]","[0.46875, 0.1822916716337204, 0.02083333395421505, 0.015625, 0.0, 0.0, 0.0, 0.0, 0.0, 0.0, 0.0]",55,0.2864583432674408,0,0,"[55, 7, 3, 1, 0, 0, 0, 0, 0, 0, 0]","[0.2864583432674408, 0.0364583358168602, 0.015625, 0.0052083334885537624, 0.0, 0.0, 0.0, 0.0, 0.0, 0.0, 0.0]",0,0.0,0,0,"[0, 0, 0, 0, 0, 0, 0, 0, 0, 0, 0]","[0.0, 0.0, 0.0, 0.0, 0.0, 0.0, 0.0, 0.0, 0.0, 0.0, 0.0]",0.5423851609230042,0,"[0.5423851609230042, 0.5319271087646484, 0.49069148302078247, 0.4696146845817566, 0.465517520904541, 0.4472590684890747, 0.3715645670890808, 0.2124168574810028, 0.06761559844017029, 0.02810429036617279, 0.0010131245944648981]",60,0.9375,0,0,"[60, 60, 60, 60, 60, 60, 60, 60, 60, 60, 60]","[0.9375, 0.9375, 0.9375, 0.9375, 0.9375, 0.9375, 0.9375, 0.9375, 0.9375, 0.9375, 0.9375]",60,0.9375,0,0,"[60, 60, 60, 60, 60, 60, 60, 54, 18, 6, 0]","[0.9375, 0.9375, 0.9375, 0.9375, 0.9375, 0.9375, 0.9375, 0.84375, 0.28125, 0.09375, 0.0]",60,0.9375,0,0,"[60, 60, 60, 60, 60, 59, 37, 26, 1, 0, 0]","[0.9375, 0.9375, 0.9375, 0.9375, 0.9375, 0.921875, 0.578125, 0.40625, 0.015625, 0.0, 0.0]",60,0.9375,0,0,"[60, 60, 58, 48, 37, 34, 31, 19, 0, 0, 0]","[0.9375, 0.9375, 0.90625, 0.75, 0.578125, 0.53125, 0.484375, 0.296875, 0.0, 0.0, 0.0]",58,0.90625,0,0,"[58, 50, 44, 34, 34, 34, 29, 8, 0, 0, 0]","[0.90625, 0.78125, 0.6875, 0.53125, 0.53125, 0.53125, 0.453125, 0.125, 0.0, 0.0, 0.0]",43,0.671875,0,0,"[43, 42, 38, 34, 34, 33, 27, 3, 0, 0, 0]","[0.671875, 0.65625, 0.59375, 0.53125, 0.53125, 0.515625, 0.421875, 0.046875, 0.0, 0.0, 0.0]",34,0.53125,4,4,"[32, 28, 19, 22, 34, 29, 15, 0, 0, 0, 0]","[0.5, 0.4375, 0.296875, 0.34375, 0.53125, 0.453125, 0.234375, 0.0, 0.0, 0.0, 0.0]",8,0.125,1,1,"[4, 8, 3, 5, 6, 7, 0, 0, 0, 0, 0]","[0.0625, 0.125, 0.046875, 0.078125, 0.09375, 0.109375, 0.0, 0.0, 0.0, 0.0, 0.0]",0,0.0,0,0,"[0, 0, 0, 0, 0, 0, 0, 0, 0, 0, 0]","[0.0, 0.0, 0.0, 0.0, 0.0, 0.0, 0.0, 0.0, 0.0, 0.0, 0.0]",0,0.0,0,0,"[0, 0, 0, 0, 0, 0, 0, 0, 0, 0, 0]","[0.0, 0.0, 0.0, 0.0, 0.0, 0.0, 0.0, 0.0, 0.0, 0.0, 0.0]",0,0.0,0,0,"[0, 0, 0, 0, 0, 0, 0, 0, 0, 0, 0]","[0.0, 0.0, 0.0, 0.0, 0.0, 0.0, 0.0, 0.0, 0.0, 0.0, 0.0]"
5,autoencoders/othello_mlp_acts_identity_aes/,autoencoders/othello_mlp_acts_identity_aes/layer_5/,autoencoders/othello_mlp_acts_identity_aes/layer_5/indexing_None_n_inputs_1000_reconstruction.pkl,Identity,IdentityDict,1000,1000,1000,1863.5999755859373,268.3808288574219,0.0,0.909960925579071,1.0,1.0,1.0,2.054067611694336,2.054067611694336,2.1303982734680176,1.0,2048,59000,3776000,1,262.9364624023437,169.74658203125,0.876923143863678,0.8806625008583069,0.8993100523948669,3031402,3060576,106321,114046,744598,715424,44513,52463,44231,52074,"tensor([1596, 2556, 3299, 3856, 4315, 4764, 5298, 5961, 6613, 5169,   59],
       device='cuda:0')","tensor([92, 73, 30, 16, 11,  8,  7,  0,  0,  0,  0], device='cuda:0')",59000,2006000,1,262.9364624023437,169.74658203125,0.7957132458686829,0.8151958584785461,0.8436421155929565,1361060,1415568,53921,51384,644940,590432,23230,24740,23197,24668,"tensor([ 754, 1382, 1763, 2004, 2192, 2356, 2471, 2499, 2246, 1274,   10],
       device='cuda:0')","tensor([63, 47, 12,  2,  0,  0,  0,  0,  0,  0,  0], device='cuda:0')",59000,506839,3,262.9364624023437,77.12152099609375,0.0611420944333076,0.6444546580314636,0.7615143060684204,16000,243184,532,4674,490839,263655,0,0,0,0,"tensor([ 11,  44, 113, 225, 296, 318, 331, 348, 360, 215,   2],
       device='cuda:0')","tensor([ 4,  7, 19, 30, 29, 20, 16, 14, 12,  6,  0], device='cuda:0')",0.8037099242210388,0,"[0.8037099242210388, 0.7429549694061279, 0.6678645014762878, 0.6008979082107544, 0.5291569232940674, 0.439808189868927, 0.3327534794807434, 0.2016553282737732, 0.08090981096029282, 0.02146422117948532, 0.0008942097192630172]",188,0.9791666865348816,0,0,"[188, 188, 188, 188, 188, 188, 188, 188, 188, 188, 188]","[0.9791666865348816, 0.9791666865348816, 0.9791666865348816, 0.9791666865348816, 0.9791666865348816, 0.9791666865348816, 0.9791666865348816, 0.9791666865348816, 0.9791666865348816, 0.9791666865348816, 0.9791666865348816]",188,0.9791666865348816,0,0,"[188, 188, 188, 188, 188, 188, 188, 181, 67, 1, 0]","[0.9791666865348816, 0.9791666865348816, 0.9791666865348816, 0.9791666865348816, 0.9791666865348816, 0.9791666865348816, 0.9791666865348816, 0.9427083730697632, 0.3489583432674408, 0.0052083334885537624, 0.0]",188,0.9791666865348816,0,0,"[188, 188, 188, 188, 188, 188, 184, 73, 4, 0, 0]","[0.9791666865348816, 0.9791666865348816, 0.9791666865348816, 0.9791666865348816, 0.9791666865348816, 0.9791666865348816, 0.9583333730697632, 0.3802083432674408, 0.02083333395421505, 0.0, 0.0]",188,0.9791666865348816,0,0,"[188, 188, 188, 188, 188, 188, 92, 26, 1, 0, 0]","[0.9791666865348816, 0.9791666865348816, 0.9791666865348816, 0.9791666865348816, 0.9791666865348816, 0.9791666865348816, 0.4791666865348816, 0.1354166716337204, 0.0052083334885537624, 0.0, 0.0]",188,0.9791666865348816,0,0,"[188, 188, 187, 183, 168, 97, 41, 8, 0, 0, 0]","[0.9791666865348816, 0.9791666865348816, 0.9739583730697632, 0.953125, 0.875, 0.5052083730697632, 0.2135416716337204, 0.0416666679084301, 0.0, 0.0, 0.0]",175,0.9114583730697632,0,0,"[175, 167, 152, 128, 103, 38, 11, 7, 0, 0, 0]","[0.9114583730697632, 0.8697916865348816, 0.7916666865348816, 0.6666666865348816, 0.5364583730697632, 0.1979166716337204, 0.0572916679084301, 0.0364583358168602, 0.0, 0.0, 0.0]",163,0.8489583730697632,0,0,"[163, 153, 129, 107, 53, 16, 10, 4, 0, 0, 0]","[0.8489583730697632, 0.796875, 0.671875, 0.5572916865348816, 0.2760416865348816, 0.0833333358168602, 0.0520833358168602, 0.02083333395421505, 0.0, 0.0, 0.0]",135,0.703125,0,0,"[135, 127, 96, 45, 19, 10, 8, 1, 0, 0, 0]","[0.703125, 0.6614583730697632, 0.5, 0.234375, 0.0989583358168602, 0.0520833358168602, 0.0416666679084301, 0.0052083334885537624, 0.0, 0.0, 0.0]",121,0.6302083730697632,0,0,"[121, 88, 49, 20, 11, 10, 7, 0, 0, 0, 0]","[0.6302083730697632, 0.4583333432674408, 0.2552083432674408, 0.1041666716337204, 0.0572916679084301, 0.0520833358168602, 0.0364583358168602, 0.0, 0.0, 0.0, 0.0]",89,0.4635416865348816,0,0,"[89, 40, 17, 11, 10, 7, 1, 0, 0, 0, 0]","[0.4635416865348816, 0.2083333432674408, 0.0885416716337204, 0.0572916679084301, 0.0520833358168602, 0.0364583358168602, 0.0052083334885537624, 0.0, 0.0, 0.0, 0.0]",0,0.0,0,0,"[0, 0, 0, 0, 0, 0, 0, 0, 0, 0, 0]","[0.0, 0.0, 0.0, 0.0, 0.0, 0.0, 0.0, 0.0, 0.0, 0.0, 0.0]",0.5285088419914246,0,"[0.5285088419914246, 0.4874257445335388, 0.4292930066585541, 0.37424391508102417, 0.3222021460533142, 0.2646545171737671, 0.1840270608663559, 0.09596973657608032, 0.038347985595464706, 0.0072903502732515335, 0.0006694874027743936]",128,0.6666666865348816,0,0,"[128, 128, 128, 128, 128, 128, 128, 128, 128, 128, 128]","[0.6666666865348816, 0.6666666865348816, 0.6666666865348816, 0.6666666865348816, 0.6666666865348816, 0.6666666865348816, 0.6666666865348816, 0.6666666865348816, 0.6666666865348816, 0.6666666865348816, 0.6666666865348816]",128,0.6666666865348816,0,0,"[128, 128, 128, 128, 128, 128, 128, 121, 7, 0, 0]","[0.6666666865348816, 0.6666666865348816, 0.6666666865348816, 0.6666666865348816, 0.6666666865348816, 0.6666666865348816, 0.6666666865348816, 0.6302083730697632, 0.0364583358168602, 0.0, 0.0]",128,0.6666666865348816,0,0,"[128, 128, 128, 128, 128, 128, 124, 13, 0, 0, 0]","[0.6666666865348816, 0.6666666865348816, 0.6666666865348816, 0.6666666865348816, 0.6666666865348816, 0.6666666865348816, 0.6458333730697632, 0.0677083358168602, 0.0, 0.0, 0.0]",128,0.6666666865348816,0,0,"[128, 128, 128, 128, 128, 128, 32, 1, 0, 0, 0]","[0.6666666865348816, 0.6666666865348816, 0.6666666865348816, 0.6666666865348816, 0.6666666865348816, 0.6666666865348816, 0.1666666716337204, 0.0052083334885537624, 0.0, 0.0, 0.0]",128,0.6666666865348816,0,0,"[128, 128, 127, 123, 108, 39, 3, 0, 0, 0, 0]","[0.6666666865348816, 0.6666666865348816, 0.6614583730697632, 0.640625, 0.5625, 0.203125, 0.015625, 0.0, 0.0, 0.0, 0.0]",115,0.5989583730697632,0,0,"[115, 107, 92, 68, 45, 13, 1, 0, 0, 0, 0]","[0.5989583730697632, 0.5572916865348816, 0.4791666865348816, 0.3541666865348816, 0.234375, 0.0677083358168602, 0.0052083334885537624, 0.0, 0.0, 0.0, 0.0]",103,0.5364583730697632,0,0,"[103, 93, 69, 47, 16, 4, 0, 0, 0, 0, 0]","[0.5364583730697632, 0.484375, 0.359375, 0.2447916716337204, 0.0833333358168602, 0.02083333395421505, 0.0, 0.0, 0.0, 0.0, 0.0]",76,0.3958333432674408,0,0,"[76, 70, 49, 29, 7, 0, 0, 0, 0, 0, 0]","[0.3958333432674408, 0.3645833432674408, 0.2552083432674408, 0.1510416716337204, 0.0364583358168602, 0.0, 0.0, 0.0, 0.0, 0.0, 0.0]",73,0.3802083432674408,0,0,"[73, 65, 36, 8, 0, 0, 0, 0, 0, 0, 0]","[0.3802083432674408, 0.3385416865348816, 0.1875, 0.0416666679084301, 0.0, 0.0, 0.0, 0.0, 0.0, 0.0, 0.0]",61,0.3177083432674408,0,0,"[61, 27, 5, 0, 0, 0, 0, 0, 0, 0, 0]","[0.3177083432674408, 0.140625, 0.0260416679084301, 0.0, 0.0, 0.0, 0.0, 0.0, 0.0, 0.0, 0.0]",0,0.0,0,0,"[0, 0, 0, 0, 0, 0, 0, 0, 0, 0, 0]","[0.0, 0.0, 0.0, 0.0, 0.0, 0.0, 0.0, 0.0, 0.0, 0.0, 0.0]",0.6490038633346558,1,"[0.6093931198120117, 0.6490038633346558, 0.6362196803092957, 0.6121224761009216, 0.5789546966552734, 0.5213313698768616, 0.4190099537372589, 0.26410412788391113, 0.10217733681201935, 0.02904590032994747, 0.001218258636072278]",60,0.9375,0,0,"[60, 60, 60, 60, 60, 60, 60, 60, 60, 60, 60]","[0.9375, 0.9375, 0.9375, 0.9375, 0.9375, 0.9375, 0.9375, 0.9375, 0.9375, 0.9375, 0.9375]",60,0.9375,0,0,"[60, 60, 60, 60, 60, 60, 60, 59, 24, 5, 0]","[0.9375, 0.9375, 0.9375, 0.9375, 0.9375, 0.9375, 0.9375, 0.921875, 0.375, 0.078125, 0.0]",60,0.9375,0,0,"[60, 60, 60, 60, 60, 60, 59, 40, 6, 0, 0]","[0.9375, 0.9375, 0.9375, 0.9375, 0.9375, 0.9375, 0.921875, 0.625, 0.09375, 0.0, 0.0]",60,0.9375,0,0,"[60, 60, 60, 60, 60, 60, 52, 17, 3, 0, 0]","[0.9375, 0.9375, 0.9375, 0.9375, 0.9375, 0.9375, 0.8125, 0.265625, 0.046875, 0.0, 0.0]",60,0.9375,0,0,"[60, 60, 60, 60, 60, 56, 29, 10, 1, 0, 0]","[0.9375, 0.9375, 0.9375, 0.9375, 0.9375, 0.875, 0.453125, 0.15625, 0.015625, 0.0, 0.0]",60,0.9375,1,1,"[59, 60, 60, 59, 52, 36, 17, 9, 0, 0, 0]","[0.921875, 0.9375, 0.9375, 0.921875, 0.8125, 0.5625, 0.265625, 0.140625, 0.0, 0.0, 0.0]",57,0.890625,1,1,"[51, 57, 53, 46, 37, 22, 12, 6, 0, 0, 0]","[0.796875, 0.890625, 0.828125, 0.71875, 0.578125, 0.34375, 0.1875, 0.09375, 0.0, 0.0, 0.0]",28,0.4375,1,1,"[6, 28, 26, 15, 14, 8, 10, 1, 0, 0, 0]","[0.09375, 0.4375, 0.40625, 0.234375, 0.21875, 0.125, 0.15625, 0.015625, 0.0, 0.0, 0.0]",0,0.0,0,0,"[0, 0, 0, 0, 0, 0, 0, 0, 0, 0, 0]","[0.0, 0.0, 0.0, 0.0, 0.0, 0.0, 0.0, 0.0, 0.0, 0.0, 0.0]",0,0.0,0,0,"[0, 0, 0, 0, 0, 0, 0, 0, 0, 0, 0]","[0.0, 0.0, 0.0, 0.0, 0.0, 0.0, 0.0, 0.0, 0.0, 0.0, 0.0]",0,0.0,0,0,"[0, 0, 0, 0, 0, 0, 0, 0, 0, 0, 0]","[0.0, 0.0, 0.0, 0.0, 0.0, 0.0, 0.0, 0.0, 0.0, 0.0, 0.0]"
6,autoencoders/othello_mlp_acts_identity_aes/,autoencoders/othello_mlp_acts_identity_aes/layer_6/,autoencoders/othello_mlp_acts_identity_aes/layer_6/indexing_None_n_inputs_1000_reconstruction.pkl,Identity,IdentityDict,1000,1000,1000,1789.9599609375,456.0500183105469,0.0,0.8740038871765137,1.0,1.0,1.0,2.054067611694336,2.054067611694336,2.215826272964477,1.0,2048,59000,3776000,1,248.5213928222656,179.6956329345703,0.7437379956245422,0.7698990702629089,0.8249152302742004,2299187,2433212,107601,111648,1476813,1342788,25966,21880,25734,21597,"tensor([4063, 4889, 5569, 5852, 6168, 6329, 6691, 6815, 6743, 5376,    5],
       device='cuda:0')","tensor([42, 17, 10,  8,  4,  2,  0,  0,  0,  0,  0], device='cuda:0')",59000,2006000,0,248.5213928222656,248.5213928222656,0.5961669087409973,0.5961669087409973,0.6819544434547424,864493,864493,29678,29678,1141507,1141507,10188,10188,10179,10179,"tensor([ 999, 1322, 1586, 1741, 1866, 1914, 1946, 1817, 1579,  967,    4],
       device='cuda:0')","tensor([35, 14,  8,  6,  3,  1,  0,  0,  0,  0,  0], device='cuda:0')",59000,506839,0,248.5213928222656,248.5213928222656,0.9062918424606324,0.9062918424606324,0.9708573818206788,422980,422980,3611,3611,83859,83859,0,0,0,0,"tensor([205, 257, 318, 418, 477, 502, 506, 478, 418, 224,   1],
       device='cuda:0')","tensor([ 93, 109,  84,  64,  47,  30,  15,   8,   7,   3,   0],
       device='cuda:0')",0.6969601511955261,0,"[0.6969601511955261, 0.6583240032196045, 0.6383917331695557, 0.6376558542251587, 0.62522292137146, 0.5998906493186951, 0.5408942699432373, 0.41070717573165894, 0.18926213681697845, 0.03020414523780346, 0.0009104080381803215]",188,0.9791666865348816,0,0,"[188, 188, 188, 188, 188, 188, 188, 188, 188, 188, 188]","[0.9791666865348816, 0.9791666865348816, 0.9791666865348816, 0.9791666865348816, 0.9791666865348816, 0.9791666865348816, 0.9791666865348816, 0.9791666865348816, 0.9791666865348816, 0.9791666865348816, 0.9791666865348816]",188,0.9791666865348816,0,0,"[188, 188, 188, 188, 188, 188, 188, 188, 188, 1, 0]","[0.9791666865348816, 0.9791666865348816, 0.9791666865348816, 0.9791666865348816, 0.9791666865348816, 0.9791666865348816, 0.9791666865348816, 0.9791666865348816, 0.9791666865348816, 0.0052083334885537624, 0.0]",188,0.9791666865348816,0,0,"[188, 188, 188, 188, 188, 188, 188, 188, 55, 0, 0]","[0.9791666865348816, 0.9791666865348816, 0.9791666865348816, 0.9791666865348816, 0.9791666865348816, 0.9791666865348816, 0.9791666865348816, 0.9791666865348816, 0.2864583432674408, 0.0, 0.0]",188,0.9791666865348816,0,0,"[188, 188, 188, 188, 188, 188, 188, 188, 5, 0, 0]","[0.9791666865348816, 0.9791666865348816, 0.9791666865348816, 0.9791666865348816, 0.9791666865348816, 0.9791666865348816, 0.9791666865348816, 0.9791666865348816, 0.0260416679084301, 0.0, 0.0]",187,0.9739583730697632,2,2,"[182, 183, 187, 187, 186, 181, 176, 104, 0, 0, 0]","[0.9479166865348816, 0.953125, 0.9739583730697632, 0.9739583730697632, 0.96875, 0.9427083730697632, 0.9166666865348816, 0.5416666865348816, 0.0, 0.0, 0.0]",157,0.8177083730697632,5,5,"[149, 150, 152, 154, 154, 157, 136, 20, 0, 0, 0]","[0.7760416865348816, 0.78125, 0.7916666865348816, 0.8020833730697632, 0.8020833730697632, 0.8177083730697632, 0.7083333730697632, 0.1041666716337204, 0.0, 0.0, 0.0]",140,0.7291666865348816,1,1,"[137, 140, 137, 132, 129, 118, 56, 4, 0, 0, 0]","[0.7135416865348816, 0.7291666865348816, 0.7135416865348816, 0.6875, 0.671875, 0.6145833730697632, 0.2916666865348816, 0.02083333395421505, 0.0, 0.0, 0.0]",104,0.5416666865348816,0,0,"[104, 81, 74, 73, 68, 27, 8, 1, 0, 0, 0]","[0.5416666865348816, 0.421875, 0.3854166865348816, 0.3802083432674408, 0.3541666865348816, 0.140625, 0.0416666679084301, 0.0052083334885537624, 0.0, 0.0, 0.0]",66,0.34375,0,0,"[66, 32, 15, 15, 10, 7, 3, 0, 0, 0, 0]","[0.34375, 0.1666666716337204, 0.078125, 0.078125, 0.0520833358168602, 0.0364583358168602, 0.015625, 0.0, 0.0, 0.0, 0.0]",39,0.203125,0,0,"[39, 11, 10, 7, 4, 0, 1, 0, 0, 0, 0]","[0.203125, 0.0572916679084301, 0.0520833358168602, 0.0364583358168602, 0.02083333395421505, 0.0, 0.0052083334885537624, 0.0, 0.0, 0.0, 0.0]",0,0.0,0,0,"[0, 0, 0, 0, 0, 0, 0, 0, 0, 0, 0]","[0.0, 0.0, 0.0, 0.0, 0.0, 0.0, 0.0, 0.0, 0.0, 0.0, 0.0]",0.45340776443481445,0,"[0.45340776443481445, 0.42759618163108826, 0.41117388010025024, 0.4114454984664917, 0.40333622694015503, 0.39102035760879517, 0.3530935049057007, 0.26775068044662476, 0.1230783760547638, 0.01603027433156967, 0.0007323871250264347]",128,0.6666666865348816,0,0,"[128, 128, 128, 128, 128, 128, 128, 128, 128, 128, 128]","[0.6666666865348816, 0.6666666865348816, 0.6666666865348816, 0.6666666865348816, 0.6666666865348816, 0.6666666865348816, 0.6666666865348816, 0.6666666865348816, 0.6666666865348816, 0.6666666865348816, 0.6666666865348816]",128,0.6666666865348816,0,0,"[128, 128, 128, 128, 128, 128, 128, 128, 128, 0, 0]","[0.6666666865348816, 0.6666666865348816, 0.6666666865348816, 0.6666666865348816, 0.6666666865348816, 0.6666666865348816, 0.6666666865348816, 0.6666666865348816, 0.6666666865348816, 0.0, 0.0]",128,0.6666666865348816,0,0,"[128, 128, 128, 128, 128, 128, 128, 128, 26, 0, 0]","[0.6666666865348816, 0.6666666865348816, 0.6666666865348816, 0.6666666865348816, 0.6666666865348816, 0.6666666865348816, 0.6666666865348816, 0.6666666865348816, 0.1354166716337204, 0.0, 0.0]",128,0.6666666865348816,0,0,"[128, 128, 128, 128, 128, 128, 128, 128, 0, 0, 0]","[0.6666666865348816, 0.6666666865348816, 0.6666666865348816, 0.6666666865348816, 0.6666666865348816, 0.6666666865348816, 0.6666666865348816, 0.6666666865348816, 0.0, 0.0, 0.0]",127,0.6614583730697632,2,2,"[122, 123, 127, 127, 126, 121, 116, 50, 0, 0, 0]","[0.6354166865348816, 0.640625, 0.6614583730697632, 0.6614583730697632, 0.65625, 0.6302083730697632, 0.6041666865348816, 0.2604166865348816, 0.0, 0.0, 0.0]",97,0.5052083730697632,5,5,"[89, 90, 92, 94, 94, 97, 76, 11, 0, 0, 0]","[0.4635416865348816, 0.46875, 0.4791666865348816, 0.4895833432674408, 0.4895833432674408, 0.5052083730697632, 0.3958333432674408, 0.0572916679084301, 0.0, 0.0, 0.0]",80,0.4166666865348816,1,1,"[77, 80, 77, 73, 70, 60, 28, 3, 0, 0, 0]","[0.4010416865348816, 0.4166666865348816, 0.4010416865348816, 0.3802083432674408, 0.3645833432674408, 0.3125, 0.1458333432674408, 0.015625, 0.0, 0.0, 0.0]",53,0.2760416865348816,0,0,"[53, 39, 35, 35, 31, 17, 7, 1, 0, 0, 0]","[0.2760416865348816, 0.203125, 0.1822916716337204, 0.1822916716337204, 0.1614583432674408, 0.0885416716337204, 0.0364583358168602, 0.0052083334885537624, 0.0, 0.0, 0.0]",43,0.2239583432674408,0,0,"[43, 25, 10, 11, 9, 6, 3, 0, 0, 0, 0]","[0.2239583432674408, 0.1302083432674408, 0.0520833358168602, 0.0572916679084301, 0.046875, 0.03125, 0.015625, 0.0, 0.0, 0.0, 0.0]",38,0.1979166716337204,0,0,"[38, 10, 9, 6, 3, 0, 1, 0, 0, 0, 0]","[0.1979166716337204, 0.0520833358168602, 0.046875, 0.03125, 0.015625, 0.0, 0.0052083334885537624, 0.0, 0.0, 0.0, 0.0]",0,0.0,0,0,"[0, 0, 0, 0, 0, 0, 0, 0, 0, 0, 0]","[0.0, 0.0, 0.0, 0.0, 0.0, 0.0, 0.0, 0.0, 0.0, 0.0, 0.0]",0.8531336784362793,0,"[0.8531336784362793, 0.714329183101654, 0.6170653104782104, 0.5660839676856995, 0.5087514519691467, 0.44042038917541504, 0.3572308421134949, 0.2591231167316437, 0.12512028217315674, 0.029012951999902725, 0.0011450848542153835]",60,0.9375,0,0,"[60, 60, 60, 60, 60, 60, 60, 60, 60, 60, 60]","[0.9375, 0.9375, 0.9375, 0.9375, 0.9375, 0.9375, 0.9375, 0.9375, 0.9375, 0.9375, 0.9375]",60,0.9375,0,0,"[60, 60, 60, 60, 60, 60, 60, 60, 40, 5, 0]","[0.9375, 0.9375, 0.9375, 0.9375, 0.9375, 0.9375, 0.9375, 0.9375, 0.625, 0.078125, 0.0]",60,0.9375,0,0,"[60, 60, 60, 60, 60, 60, 60, 52, 6, 0, 0]","[0.9375, 0.9375, 0.9375, 0.9375, 0.9375, 0.9375, 0.9375, 0.8125, 0.09375, 0.0, 0.0]",60,0.9375,0,0,"[60, 60, 60, 60, 60, 60, 53, 19, 1, 0, 0]","[0.9375, 0.9375, 0.9375, 0.9375, 0.9375, 0.9375, 0.828125, 0.296875, 0.015625, 0.0, 0.0]",60,0.9375,0,0,"[60, 60, 60, 60, 52, 42, 18, 3, 0, 0, 0]","[0.9375, 0.9375, 0.9375, 0.9375, 0.8125, 0.65625, 0.28125, 0.046875, 0.0, 0.0, 0.0]",60,0.9375,0,0,"[60, 60, 58, 47, 38, 23, 2, 2, 0, 0, 0]","[0.9375, 0.9375, 0.90625, 0.734375, 0.59375, 0.359375, 0.03125, 0.03125, 0.0, 0.0, 0.0]",60,0.9375,0,0,"[60, 57, 39, 26, 17, 5, 1, 1, 0, 0, 0]","[0.9375, 0.890625, 0.609375, 0.40625, 0.265625, 0.078125, 0.015625, 0.015625, 0.0, 0.0, 0.0]",59,0.921875,0,0,"[59, 44, 17, 10, 7, 2, 1, 0, 0, 0, 0]","[0.921875, 0.6875, 0.265625, 0.15625, 0.109375, 0.03125, 0.015625, 0.0, 0.0, 0.0, 0.0]",55,0.859375,0,0,"[55, 19, 7, 6, 2, 1, 1, 0, 0, 0, 0]","[0.859375, 0.296875, 0.109375, 0.09375, 0.03125, 0.015625, 0.015625, 0.0, 0.0, 0.0, 0.0]",43,0.671875,0,0,"[43, 5, 4, 4, 0, 0, 0, 0, 0, 0, 0]","[0.671875, 0.078125, 0.0625, 0.0625, 0.0, 0.0, 0.0, 0.0, 0.0, 0.0, 0.0]",0,0.0,0,0,"[0, 0, 0, 0, 0, 0, 0, 0, 0, 0, 0]","[0.0, 0.0, 0.0, 0.0, 0.0, 0.0, 0.0, 0.0, 0.0, 0.0, 0.0]"
7,autoencoders/othello_mlp_acts_identity_aes/,autoencoders/othello_mlp_acts_identity_aes/layer_7/,autoencoders/othello_mlp_acts_identity_aes/layer_7/indexing_None_n_inputs_1000_reconstruction.pkl,Identity,IdentityDict,1000,1000,1000,1113.4000244140625,239.21270751953125,0.0,0.543652355670929,1.0,1.0,1.0,2.054067611694336,2.054067611694336,2.1345467567443848,1.0,2048,59000,3776000,0,206.6095123291016,206.6095123291016,0.3101968467235565,0.3101968467235565,0.3139808177947998,693879,693879,3919,3919,3082121,3082121,119,119,119,119,"tensor([602, 629, 636, 639, 663, 735, 711, 768, 741, 529,   0],
       device='cuda:0')","tensor([1, 1, 1, 0, 0, 0, 0, 0, 0, 0, 0], device='cuda:0')",59000,2006000,0,206.6095123291016,206.6095123291016,0.0412094891071319,0.0412094891071319,0.0483063161373138,42215,42215,585,585,1963785,1963785,0,0,0,0,"tensor([ 86, 104, 113, 116, 132, 145, 127, 115,  80,  48,   0],
       device='cuda:0')","tensor([0, 0, 0, 0, 0, 0, 0, 0, 0, 0, 0], device='cuda:0')",59000,506839,0,206.6095123291016,206.6095123291016,0.9986673593521118,0.9986673593521118,0.9984812140464784,506231,506231,743,743,608,608,0,0,0,0,"tensor([141, 141, 141, 141, 139, 132, 125, 128, 112,  47,   0],
       device='cuda:0')","tensor([102,  99,  99,  98,  73,   5,   2,   2,   2,   0,   0],
       device='cuda:0')",0.5340206623077393,0,"[0.5340206623077393, 0.5328852534294128, 0.5298961400985718, 0.5235809087753296, 0.5113728046417236, 0.5045095086097717, 0.47468301653862, 0.3213597536087036, 0.14211411774158478, 0.042023222893476486, 0.0008989218040369451]",188,0.9791666865348816,0,0,"[188, 188, 188, 188, 188, 188, 188, 188, 188, 188, 188]","[0.9791666865348816, 0.9791666865348816, 0.9791666865348816, 0.9791666865348816, 0.9791666865348816, 0.9791666865348816, 0.9791666865348816, 0.9791666865348816, 0.9791666865348816, 0.9791666865348816, 0.9791666865348816]",188,0.9791666865348816,0,0,"[188, 188, 188, 188, 188, 188, 188, 188, 138, 11, 0]","[0.9791666865348816, 0.9791666865348816, 0.9791666865348816, 0.9791666865348816, 0.9791666865348816, 0.9791666865348816, 0.9791666865348816, 0.9791666865348816, 0.71875, 0.0572916679084301, 0.0]",188,0.9791666865348816,0,0,"[188, 188, 188, 188, 188, 188, 188, 177, 42, 0, 0]","[0.9791666865348816, 0.9791666865348816, 0.9791666865348816, 0.9791666865348816, 0.9791666865348816, 0.9791666865348816, 0.9791666865348816, 0.921875, 0.21875, 0.0, 0.0]",186,0.96875,6,6,"[184, 184, 182, 177, 177, 183, 186, 144, 0, 0, 0]","[0.9583333730697632, 0.9583333730697632, 0.9479166865348816, 0.921875, 0.921875, 0.953125, 0.96875, 0.75, 0.0, 0.0, 0.0]",146,0.7604166865348816,6,6,"[139, 140, 139, 138, 133, 136, 146, 9, 0, 0, 0]","[0.7239583730697632, 0.7291666865348816, 0.7239583730697632, 0.71875, 0.6927083730697632, 0.7083333730697632, 0.7604166865348816, 0.046875, 0.0, 0.0, 0.0]",114,0.59375,2,2,"[113, 113, 114, 111, 102, 97, 69, 0, 0, 0, 0]","[0.5885416865348816, 0.5885416865348816, 0.59375, 0.578125, 0.53125, 0.5052083730697632, 0.359375, 0.0, 0.0, 0.0, 0.0]",78,0.40625,0,0,"[78, 77, 77, 70, 62, 54, 36, 0, 0, 0, 0]","[0.40625, 0.4010416865348816, 0.4010416865348816, 0.3645833432674408, 0.3229166865348816, 0.28125, 0.1875, 0.0, 0.0, 0.0, 0.0]",35,0.1822916716337204,0,0,"[35, 35, 35, 35, 34, 29, 5, 0, 0, 0, 0]","[0.1822916716337204, 0.1822916716337204, 0.1822916716337204, 0.1822916716337204, 0.1770833432674408, 0.1510416716337204, 0.0260416679084301, 0.0, 0.0, 0.0, 0.0]",8,0.0416666679084301,0,0,"[8, 8, 7, 3, 3, 1, 0, 0, 0, 0, 0]","[0.0416666679084301, 0.0416666679084301, 0.0364583358168602, 0.015625, 0.015625, 0.0052083334885537624, 0.0, 0.0, 0.0, 0.0, 0.0]",0,0.0,0,0,"[0, 0, 0, 0, 0, 0, 0, 0, 0, 0, 0]","[0.0, 0.0, 0.0, 0.0, 0.0, 0.0, 0.0, 0.0, 0.0, 0.0, 0.0]",0,0.0,0,0,"[0, 0, 0, 0, 0, 0, 0, 0, 0, 0, 0]","[0.0, 0.0, 0.0, 0.0, 0.0, 0.0, 0.0, 0.0, 0.0, 0.0, 0.0]",0.31187450885772705,0,"[0.31187450885772705, 0.31142234802246094, 0.3090890645980835, 0.30805322527885437, 0.3077106475830078, 0.31009387969970703, 0.30146026611328125, 0.23960694670677185, 0.11903272569179535, 0.019016459584236145, 0.0007695225067436695]",128,0.6666666865348816,0,0,"[128, 128, 128, 128, 128, 128, 128, 128, 128, 128, 128]","[0.6666666865348816, 0.6666666865348816, 0.6666666865348816, 0.6666666865348816, 0.6666666865348816, 0.6666666865348816, 0.6666666865348816, 0.6666666865348816, 0.6666666865348816, 0.6666666865348816, 0.6666666865348816]",128,0.6666666865348816,0,0,"[128, 128, 128, 128, 128, 128, 128, 128, 127, 0, 0]","[0.6666666865348816, 0.6666666865348816, 0.6666666865348816, 0.6666666865348816, 0.6666666865348816, 0.6666666865348816, 0.6666666865348816, 0.6666666865348816, 0.6614583730697632, 0.0, 0.0]",128,0.6666666865348816,0,0,"[128, 128, 128, 128, 128, 128, 128, 128, 42, 0, 0]","[0.6666666865348816, 0.6666666865348816, 0.6666666865348816, 0.6666666865348816, 0.6666666865348816, 0.6666666865348816, 0.6666666865348816, 0.6666666865348816, 0.21875, 0.0, 0.0]",128,0.6666666865348816,6,6,"[124, 124, 122, 117, 117, 124, 128, 128, 0, 0, 0]","[0.6458333730697632, 0.6458333730697632, 0.6354166865348816, 0.609375, 0.609375, 0.6458333730697632, 0.6666666865348816, 0.6666666865348816, 0.0, 0.0, 0.0]",96,0.5,6,6,"[79, 80, 79, 78, 78, 84, 96, 9, 0, 0, 0]","[0.4114583432674408, 0.4166666865348816, 0.4114583432674408, 0.40625, 0.40625, 0.4375, 0.5, 0.046875, 0.0, 0.0, 0.0]",54,0.28125,2,2,"[53, 53, 54, 51, 51, 48, 28, 0, 0, 0, 0]","[0.2760416865348816, 0.2760416865348816, 0.28125, 0.265625, 0.265625, 0.25, 0.1458333432674408, 0.0, 0.0, 0.0, 0.0]",20,0.1041666716337204,0,0,"[20, 20, 20, 20, 20, 18, 7, 0, 0, 0, 0]","[0.1041666716337204, 0.1041666716337204, 0.1041666716337204, 0.1041666716337204, 0.1041666716337204, 0.09375, 0.0364583358168602, 0.0, 0.0, 0.0, 0.0]",4,0.02083333395421505,0,0,"[4, 4, 4, 4, 3, 1, 0, 0, 0, 0, 0]","[0.02083333395421505, 0.02083333395421505, 0.02083333395421505, 0.02083333395421505, 0.015625, 0.0052083334885537624, 0.0, 0.0, 0.0, 0.0, 0.0]",0,0.0,0,0,"[0, 0, 0, 0, 0, 0, 0, 0, 0, 0, 0]","[0.0, 0.0, 0.0, 0.0, 0.0, 0.0, 0.0, 0.0, 0.0, 0.0, 0.0]",0,0.0,0,0,"[0, 0, 0, 0, 0, 0, 0, 0, 0, 0, 0]","[0.0, 0.0, 0.0, 0.0, 0.0, 0.0, 0.0, 0.0, 0.0, 0.0, 0.0]",0,0.0,0,0,"[0, 0, 0, 0, 0, 0, 0, 0, 0, 0, 0]","[0.0, 0.0, 0.0, 0.0, 0.0, 0.0, 0.0, 0.0, 0.0, 0.0, 0.0]",0.9330095052719116,0,"[0.9330095052719116, 0.9316984415054321, 0.9255586862564087, 0.8639342784881592, 0.611331582069397, 0.30747681856155396, 0.2206565886735916, 0.1319807767868042, 0.04104375094175339, 0.015858085826039314, 0.0007741472218185663]",60,0.9375,0,0,"[60, 60, 60, 60, 60, 60, 60, 60, 60, 60, 60]","[0.9375, 0.9375, 0.9375, 0.9375, 0.9375, 0.9375, 0.9375, 0.9375, 0.9375, 0.9375, 0.9375]",60,0.9375,0,0,"[60, 60, 60, 60, 60, 60, 60, 57, 5, 5, 0]","[0.9375, 0.9375, 0.9375, 0.9375, 0.9375, 0.9375, 0.9375, 0.890625, 0.078125, 0.078125, 0.0]",60,0.9375,0,0,"[60, 60, 60, 60, 60, 59, 54, 0, 0, 0, 0]","[0.9375, 0.9375, 0.9375, 0.9375, 0.9375, 0.921875, 0.84375, 0.0, 0.0, 0.0, 0.0]",60,0.9375,0,0,"[60, 60, 60, 60, 58, 27, 0, 0, 0, 0, 0]","[0.9375, 0.9375, 0.9375, 0.9375, 0.90625, 0.421875, 0.0, 0.0, 0.0, 0.0, 0.0]",60,0.9375,0,0,"[60, 60, 60, 60, 56, 16, 0, 0, 0, 0, 0]","[0.9375, 0.9375, 0.9375, 0.9375, 0.875, 0.25, 0.0, 0.0, 0.0, 0.0, 0.0]",60,0.9375,0,0,"[60, 60, 60, 60, 52, 4, 0, 0, 0, 0, 0]","[0.9375, 0.9375, 0.9375, 0.9375, 0.8125, 0.0625, 0.0, 0.0, 0.0, 0.0, 0.0]",60,0.9375,0,0,"[60, 60, 60, 60, 38, 0, 0, 0, 0, 0, 0]","[0.9375, 0.9375, 0.9375, 0.9375, 0.59375, 0.0, 0.0, 0.0, 0.0, 0.0, 0.0]",60,0.9375,0,0,"[60, 60, 60, 60, 25, 0, 0, 0, 0, 0, 0]","[0.9375, 0.9375, 0.9375, 0.9375, 0.390625, 0.0, 0.0, 0.0, 0.0, 0.0, 0.0]",60,0.9375,0,0,"[60, 60, 60, 58, 12, 0, 0, 0, 0, 0, 0]","[0.9375, 0.9375, 0.9375, 0.90625, 0.1875, 0.0, 0.0, 0.0, 0.0, 0.0, 0.0]",60,0.9375,0,0,"[60, 60, 60, 47, 0, 0, 0, 0, 0, 0, 0]","[0.9375, 0.9375, 0.9375, 0.734375, 0.0, 0.0, 0.0, 0.0, 0.0, 0.0, 0.0]",0,0.0,0,0,"[0, 0, 0, 0, 0, 0, 0, 0, 0, 0, 0]","[0.0, 0.0, 0.0, 0.0, 0.0, 0.0, 0.0, 0.0, 0.0, 0.0, 0.0]"
